,Area Code (M49),Area,Unit,2.1.1 Prevalence of undernourishment (%)_2016,2.1.1 Prevalence of undernourishment (%)_2017,2.1.1 Prevalence of undernourishment (%)_2018,2.1.1 Prevalence of undernourishment (%)_2019,2.1.1 Prevalence of undernourishment (%)_2020
0,4,Afghanistan,%,22.2,0,0,0,0
1,4,Afghanistan,%,0,23,0,0,0
2,4,Afghanistan,%,0,0,24,0,0
3,4,Afghanistan,%,0,0,0,26.9,0
4,4,Afghanistan,%,0,0,0,0,29.8
5,248,Åland Islands,%,,0,0,0,0
6,248,Åland Islands,%,0,,0,0,0
7,248,Åland Islands,%,0,0,,0,0
8,248,Åland Islands,%,0,0,0,,0
9,8,Albania,%,4.7,0,0,0,0
10,8,Albania,%,0,4.7,0,0,0
11,8,Albania,%,0,0,4.6,0,0
12,8,Albania,%,0,0,0,4.3,0
13,8,Albania,%,0,0,0,0,3.9
14,12,Algeria,%,2.8,0,0,0,0
15,12,Algeria,%,0,2.7,0,0,0
16,12,Algeria,%,0,0,<2.5,0,0
17,12,Algeria,%,0,0,0,<2.5,0
18,12,Algeria,%,0,0,0,0,<2.5
19,16,American Samoa,%,,0,0,0,0
20,16,American Samoa,%,0,,0,0,0
21,16,American Samoa,%,0,0,,0,0
22,16,American Samoa,%,0,0,0,,0
23,16,American Samoa,%,0,0,0,0,
24,20,Andorra,%,,0,0,0,0
25,20,Andorra,%,0,,0,0,0
26,20,Andorra,%,0,0,,0,0
27,20,Andorra,%,0,0,0,,0
28,20,Andorra,%,0,0,0,0,
29,24,Angola,%,15.4,0,0,0,0
30,24,Angola,%,0,15.4,0,0,0
31,24,Angola,%,0,0,15.7,0,0
32,24,Angola,%,0,0,0,17.9,0
33,24,Angola,%,0,0,0,0,20.8
34,660,Anguilla,%,,0,0,0,0
35,660,Anguilla,%,0,,0,0,0
36,660,Anguilla,%,0,0,,0,0
37,660,Anguilla,%,0,0,0,,0
38,660,Anguilla,%,0,0,0,0,
39,28,Antigua and Barbuda,%,,0,0,0,0
40,28,Antigua and Barbuda,%,0,,0,0,0
41,28,Antigua and Barbuda,%,0,0,,0,0
42,28,Antigua and Barbuda,%,0,0,0,,0
43,28,Antigua and Barbuda,%,0,0,0,0,
44,32,Argentina,%,2.6,0,0,0,0
45,32,Argentina,%,0,3.1,0,0,0
46,32,Argentina,%,0,0,3.4,0,0
47,32,Argentina,%,0,0,0,3.5,0
48,32,Argentina,%,0,0,0,0,3.7
49,51,Armenia,%,2.7,0,0,0,0
50,51,Armenia,%,0,2.8,0,0,0
51,51,Armenia,%,0,0,2.9,0,0
52,51,Armenia,%,0,0,0,3.1,0
53,51,Armenia,%,0,0,0,0,3.5
54,533,Aruba,%,,0,0,0,0
55,533,Aruba,%,0,,0,0,0
56,533,Aruba,%,0,0,,0,0
57,533,Aruba,%,0,0,0,,0
58,533,Aruba,%,0,0,0,0,
59,36,Australia,%,<2.5,0,0,0,0
60,36,Australia,%,0,<2.5,0,0,0
61,36,Australia,%,0,0,<2.5,0,0
62,36,Australia,%,0,0,0,<2.5,0
63,36,Australia,%,0,0,0,0,<2.5
64,40,Austria,%,<2.5,0,0,0,0
65,40,Austria,%,0,<2.5,0,0,0
66,40,Austria,%,0,0,<2.5,0,0
67,40,Austria,%,0,0,0,<2.5,0
68,40,Austria,%,0,0,0,0,<2.5
69,31,Azerbaijan,%,<2.5,0,0,0,0
70,31,Azerbaijan,%,0,<2.5,0,0,0
71,31,Azerbaijan,%,0,0,<2.5,0,0
72,31,Azerbaijan,%,0,0,0,<2.5,0
73,31,Azerbaijan,%,0,0,0,0,<2.5
74,44,Bahamas,%,,0,0,0,0
75,44,Bahamas,%,0,,0,0,0
76,44,Bahamas,%,0,0,,0,0
77,44,Bahamas,%,0,0,0,,0
78,44,Bahamas,%,0,0,0,0,
79,48,Bahrain,%,,0,0,0,0
80,48,Bahrain,%,0,,0,0,0
81,48,Bahrain,%,0,0,,0,0
82,48,Bahrain,%,0,0,0,,0
83,48,Bahrain,%,0,0,0,0,
84,50,Bangladesh,%,13.3,0,0,0,0
85,50,Bangladesh,%,0,12.5,0,0,0
86,50,Bangladesh,%,0,0,11.5,0,0
87,50,Bangladesh,%,0,0,0,11,0
88,50,Bangladesh,%,0,0,0,0,11.4
89,52,Barbados,%,4.4,0,0,0,0
90,52,Barbados,%,0,4.3,0,0,0
91,52,Barbados,%,0,0,4.1,0,0
92,52,Barbados,%,0,0,0,3.7,0
93,52,Barbados,%,0,0,0,0,3.4
94,112,Belarus,%,<2.5,0,0,0,0
95,112,Belarus,%,0,<2.5,0,0,0
96,112,Belarus,%,0,0,<2.5,0,0
97,112,Belarus,%,0,0,0,<2.5,0
98,112,Belarus,%,0,0,0,0,<2.5
99,56,Belgium,%,<2.5,0,0,0,0
100,56,Belgium,%,0,<2.5,0,0,0
101,56,Belgium,%,0,0,<2.5,0,0
102,56,Belgium,%,0,0,0,<2.5,0
103,56,Belgium,%,0,0,0,0,<2.5
104,84,Belize,%,7.2,0,0,0,0
105,84,Belize,%,0,7,0,0,0
106,84,Belize,%,0,0,6.7,0,0
107,84,Belize,%,0,0,0,6.8,0
108,84,Belize,%,0,0,0,0,7.4
109,204,Benin,%,7.6,0,0,0,0
110,204,Benin,%,0,7.9,0,0,0
111,204,Benin,%,0,0,8.1,0,0
112,204,Benin,%,0,0,0,7.7,0
113,204,Benin,%,0,0,0,0,7.4
114,60,Bermuda,%,,0,0,0,0
115,60,Bermuda,%,0,,0,0,0
116,60,Bermuda,%,0,0,,0,0
117,60,Bermuda,%,0,0,0,,0
118,60,Bermuda,%,0,0,0,0,
119,64,Bhutan,%,,0,0,0,0
120,64,Bhutan,%,0,,0,0,0
121,64,Bhutan,%,0,0,,0,0
122,64,Bhutan,%,0,0,0,,0
123,64,Bhutan,%,0,0,0,0,
124,68,Bolivia (Plurinational State of),%,13.1,0,0,0,0
125,68,Bolivia (Plurinational State of),%,0,12.5,0,0,0
126,68,Bolivia (Plurinational State of),%,0,0,12.1,0,0
127,68,Bolivia (Plurinational State of),%,0,0,0,11.9,0
128,68,Bolivia (Plurinational State of),%,0,0,0,0,13.9
129,535,"Bonaire, Sint Eustatius and Saba",%,,0,0,0,0
130,535,"Bonaire, Sint Eustatius and Saba",%,0,,0,0,0
131,535,"Bonaire, Sint Eustatius and Saba",%,0,0,,0,0
132,535,"Bonaire, Sint Eustatius and Saba",%,0,0,0,,0
133,535,"Bonaire, Sint Eustatius and Saba",%,0,0,0,0,
134,70,Bosnia and Herzegovina,%,<2.5,0,0,0,0
135,70,Bosnia and Herzegovina,%,0,<2.5,0,0,0
136,70,Bosnia and Herzegovina,%,0,0,<2.5,0,0
137,70,Bosnia and Herzegovina,%,0,0,0,<2.5,0
138,70,Bosnia and Herzegovina,%,0,0,0,0,<2.5
139,72,Botswana,%,20.1,0,0,0,0
140,72,Botswana,%,0,21.3,0,0,0
141,72,Botswana,%,0,0,21.5,0,0
142,72,Botswana,%,0,0,0,22.1,0
143,72,Botswana,%,0,0,0,0,21.9
144,76,Brazil,%,<2.5,0,0,0,0
145,76,Brazil,%,0,<2.5,0,0,0
146,76,Brazil,%,0,0,<2.5,0,0
147,76,Brazil,%,0,0,0,2.6,0
148,76,Brazil,%,0,0,0,0,4.1
149,92,British Virgin Islands,%,,0,0,0,0
150,92,British Virgin Islands,%,0,,0,0,0
151,92,British Virgin Islands,%,0,0,,0,0
152,92,British Virgin Islands,%,0,0,0,,0
153,92,British Virgin Islands,%,0,0,0,0,
154,96,Brunei Darussalam,%,6.8,0,0,0,0
155,96,Brunei Darussalam,%,0,6.2,0,0,0
156,96,Brunei Darussalam,%,0,0,5.8,0,0
157,96,Brunei Darussalam,%,0,0,0,5.8,0
158,96,Brunei Darussalam,%,0,0,0,0,5.9
159,100,Bulgaria,%,3.5,0,0,0,0
160,100,Bulgaria,%,0,3,0,0,0
161,100,Bulgaria,%,0,0,2.8,0,0
162,100,Bulgaria,%,0,0,0,3,0
163,100,Bulgaria,%,0,0,0,0,3
164,854,Burkina Faso,%,12.3,0,0,0,0
165,854,Burkina Faso,%,0,12.4,0,0,0
166,854,Burkina Faso,%,0,0,12.7,0,0
167,854,Burkina Faso,%,0,0,0,14.1,0
168,854,Burkina Faso,%,0,0,0,0,18
169,108,Burundi,%,,0,0,0,0
170,108,Burundi,%,0,,0,0,0
171,108,Burundi,%,0,0,,0,0
172,108,Burundi,%,0,0,0,,0
173,108,Burundi,%,0,0,0,0,
174,132,Cabo Verde,%,17,0,0,0,0
175,132,Cabo Verde,%,0,16.2,0,0,0
176,132,Cabo Verde,%,0,0,15.4,0,0
177,132,Cabo Verde,%,0,0,0,14.5,0
178,132,Cabo Verde,%,0,0,0,0,17.7
179,116,Cambodia,%,8.5,0,0,0,0
180,116,Cambodia,%,0,7.7,0,0,0
181,116,Cambodia,%,0,0,6.6,0,0
182,116,Cambodia,%,0,0,0,6,0
183,116,Cambodia,%,0,0,0,0,6.3
184,120,Cameroon,%,5.9,0,0,0,0
185,120,Cameroon,%,0,6.6,0,0,0
186,120,Cameroon,%,0,0,6.9,0,0
187,120,Cameroon,%,0,0,0,6.7,0
188,120,Cameroon,%,0,0,0,0,6.7
189,124,Canada,%,<2.5,0,0,0,0
190,124,Canada,%,0,<2.5,0,0,0
191,124,Canada,%,0,0,<2.5,0,0
192,124,Canada,%,0,0,0,<2.5,0
193,124,Canada,%,0,0,0,0,<2.5
194,136,Cayman Islands,%,,0,0,0,0
195,136,Cayman Islands,%,0,,0,0,0
196,136,Cayman Islands,%,0,0,,0,0
197,136,Cayman Islands,%,0,0,0,,0
198,136,Cayman Islands,%,0,0,0,0,
199,140,Central African Republic,%,48.6,0,0,0,0
200,140,Central African Republic,%,0,46.1,0,0,0
201,140,Central African Republic,%,0,0,46.8,0,0
202,140,Central African Republic,%,0,0,0,49.2,0
203,140,Central African Republic,%,0,0,0,0,52.2
204,148,Chad,%,28.5,0,0,0,0
205,148,Chad,%,0,29.1,0,0,0
206,148,Chad,%,0,0,30.3,0,0
207,148,Chad,%,0,0,0,31.7,0
208,148,Chad,%,0,0,0,0,32.7
209,86,Chagos Archipelago,%,,0,0,0,0
210,86,Chagos Archipelago,%,0,,0,0,0
211,86,Chagos Archipelago,%,0,0,,0,0
212,86,Chagos Archipelago,%,0,0,0,,0
213,830,Channel Islands,%,,0,0,0,0
214,830,Channel Islands,%,0,,0,0,0
215,830,Channel Islands,%,0,0,,0,0
216,830,Channel Islands,%,0,0,0,,0
217,830,Channel Islands,%,0,0,0,0,
218,152,Chile,%,3.1,0,0,0,0
219,152,Chile,%,0,2.9,0,0,0
220,152,Chile,%,0,0,2.7,0,0
221,152,Chile,%,0,0,0,2.6,0
222,152,Chile,%,0,0,0,0,2.6
223,344,"China, Hong Kong SAR",%,<2.5,0,0,0,0
224,344,"China, Hong Kong SAR",%,0,<2.5,0,0,0
225,344,"China, Hong Kong SAR",%,0,0,<2.5,0,0
226,344,"China, Hong Kong SAR",%,0,0,0,<2.5,0
227,344,"China, Hong Kong SAR",%,0,0,0,0,<2.5
228,446,"China, Macao SAR",%,5,0,0,0,0
229,446,"China, Macao SAR",%,0,4.9,0,0,0
230,446,"China, Macao SAR",%,0,0,4.7,0,0
231,446,"China, Macao SAR",%,0,0,0,4.6,0
232,446,"China, Macao SAR",%,0,0,0,0,4.8
233,156,"China, mainland",%,<2.5,0,0,0,0
234,156,"China, mainland",%,0,<2.5,0,0,0
235,156,"China, mainland",%,0,0,<2.5,0,0
236,156,"China, mainland",%,0,0,0,<2.5,0
237,156,"China, mainland",%,0,0,0,0,<2.5
238,162,Christmas Island,%,,0,0,0,0
239,162,Christmas Island,%,0,,0,0,0
240,162,Christmas Island,%,0,0,,0,0
241,162,Christmas Island,%,0,0,0,,0
242,166,Cocos (Keeling) Islands,%,,0,0,0,0
243,166,Cocos (Keeling) Islands,%,0,,0,0,0
244,166,Cocos (Keeling) Islands,%,0,0,,0,0
245,166,Cocos (Keeling) Islands,%,0,0,0,,0
246,170,Colombia,%,6,0,0,0,0
247,170,Colombia,%,0,5.9,0,0,0
248,170,Colombia,%,0,0,6.2,0,0
249,170,Colombia,%,0,0,0,7.2,0
250,170,Colombia,%,0,0,0,0,8.2
251,174,Comoros,%,,0,0,0,0
252,174,Comoros,%,0,,0,0,0
253,174,Comoros,%,0,0,,0,0
254,174,Comoros,%,0,0,0,,0
255,174,Comoros,%,0,0,0,0,
256,178,Congo,%,26.4,0,0,0,0
257,178,Congo,%,0,28.3,0,0,0
258,178,Congo,%,0,0,29.3,0,0
259,178,Congo,%,0,0,0,29.9,0
260,178,Congo,%,0,0,0,0,31.6
261,184,Cook Islands,%,,0,0,0,0
262,184,Cook Islands,%,0,,0,0,0
263,184,Cook Islands,%,0,0,,0,0
264,184,Cook Islands,%,0,0,0,,0
265,184,Cook Islands,%,0,0,0,0,
266,188,Costa Rica,%,3.6,0,0,0,0
267,188,Costa Rica,%,0,3.2,0,0,0
268,188,Costa Rica,%,0,0,3.2,0,0
269,188,Costa Rica,%,0,0,0,3.4,0
270,188,Costa Rica,%,0,0,0,0,3.4
271,384,Côte d'Ivoire,%,6.9,0,0,0,0
272,384,Côte d'Ivoire,%,0,6,0,0,0
273,384,Côte d'Ivoire,%,0,0,5.2,0,0
274,384,Côte d'Ivoire,%,0,0,0,4.7,0
275,384,Côte d'Ivoire,%,0,0,0,0,4.4
276,191,Croatia,%,<2.5,0,0,0,0
277,191,Croatia,%,0,<2.5,0,0,0
278,191,Croatia,%,0,0,<2.5,0,0
279,191,Croatia,%,0,0,0,<2.5,0
280,191,Croatia,%,0,0,0,0,<2.5
281,192,Cuba,%,<2.5,0,0,0,0
282,192,Cuba,%,0,<2.5,0,0,0
283,192,Cuba,%,0,0,<2.5,0,0
284,192,Cuba,%,0,0,0,<2.5,0
285,192,Cuba,%,0,0,0,0,<2.5
286,531,Curaçao,%,,0,0,0,0
287,531,Curaçao,%,0,,0,0,0
288,531,Curaçao,%,0,0,,0,0
289,531,Curaçao,%,0,0,0,,0
290,531,Curaçao,%,0,0,0,0,
291,196,Cyprus,%,<2.5,0,0,0,0
292,196,Cyprus,%,0,<2.5,0,0,0
293,196,Cyprus,%,0,0,<2.5,0,0
294,196,Cyprus,%,0,0,0,<2.5,0
295,196,Cyprus,%,0,0,0,0,<2.5
296,203,Czechia,%,<2.5,0,0,0,0
297,203,Czechia,%,0,<2.5,0,0,0
298,203,Czechia,%,0,0,<2.5,0,0
299,203,Czechia,%,0,0,0,<2.5,0
300,203,Czechia,%,0,0,0,0,<2.5
301,408,Democratic People's Republic of Korea,%,41.2,0,0,0,0
302,408,Democratic People's Republic of Korea,%,0,42.9,0,0,0
303,408,Democratic People's Republic of Korea,%,0,0,42.6,0,0
304,408,Democratic People's Republic of Korea,%,0,0,0,43,0
305,408,Democratic People's Republic of Korea,%,0,0,0,0,41.6
306,180,Democratic Republic of the Congo,%,36,0,0,0,0
307,180,Democratic Republic of the Congo,%,0,36.4,0,0,0
308,180,Democratic Republic of the Congo,%,0,0,36.3,0,0
309,180,Democratic Republic of the Congo,%,0,0,0,37.7,0
310,180,Democratic Republic of the Congo,%,0,0,0,0,39.8
311,208,Denmark,%,<2.5,0,0,0,0
312,208,Denmark,%,0,<2.5,0,0,0
313,208,Denmark,%,0,0,<2.5,0,0
314,208,Denmark,%,0,0,0,<2.5,0
315,208,Denmark,%,0,0,0,0,<2.5
316,262,Djibouti,%,13.6,0,0,0,0
317,262,Djibouti,%,0,13.5,0,0,0
318,262,Djibouti,%,0,0,13.1,0,0
319,262,Djibouti,%,0,0,0,13.1,0
320,262,Djibouti,%,0,0,0,0,13.5
321,212,Dominica,%,5.4,0,0,0,0
322,212,Dominica,%,0,5.7,0,0,0
323,212,Dominica,%,0,0,5.7,0,0
324,212,Dominica,%,0,0,0,6.5,0
325,212,Dominica,%,0,0,0,0,6.9
326,214,Dominican Republic,%,6.8,0,0,0,0
327,214,Dominican Republic,%,0,6.2,0,0,0
328,214,Dominican Republic,%,0,0,6.1,0,0
329,214,Dominican Republic,%,0,0,0,7,0
330,214,Dominican Republic,%,0,0,0,0,6.7
331,218,Ecuador,%,9.7,0,0,0,0
332,218,Ecuador,%,0,10.7,0,0,0
333,218,Ecuador,%,0,0,11.6,0,0
334,218,Ecuador,%,0,0,0,13.7,0
335,218,Ecuador,%,0,0,0,0,15.4
336,818,Egypt,%,4.6,0,0,0,0
337,818,Egypt,%,0,4.9,0,0,0
338,818,Egypt,%,0,0,4.9,0,0
339,818,Egypt,%,0,0,0,5,0
340,818,Egypt,%,0,0,0,0,5.1
341,222,El Salvador,%,9.9,0,0,0,0
342,222,El Salvador,%,0,9.2,0,0,0
343,222,El Salvador,%,0,0,8.4,0,0
344,222,El Salvador,%,0,0,0,8.3,0
345,222,El Salvador,%,0,0,0,0,7.7
346,226,Equatorial Guinea,%,,0,0,0,0
347,226,Equatorial Guinea,%,0,,0,0,0
348,226,Equatorial Guinea,%,0,0,,0,0
349,226,Equatorial Guinea,%,0,0,0,,0
350,226,Equatorial Guinea,%,0,0,0,0,
351,232,Eritrea,%,,0,0,0,0
352,232,Eritrea,%,0,,0,0,0
353,232,Eritrea,%,0,0,,0,0
354,232,Eritrea,%,0,0,0,,0
355,232,Eritrea,%,0,0,0,0,
356,233,Estonia,%,<2.5,0,0,0,0
357,233,Estonia,%,0,<2.5,0,0,0
358,233,Estonia,%,0,0,<2.5,0,0
359,233,Estonia,%,0,0,0,<2.5,0
360,233,Estonia,%,0,0,0,0,<2.5
361,748,Eswatini,%,13,0,0,0,0
362,748,Eswatini,%,0,12.4,0,0,0
363,748,Eswatini,%,0,0,11.8,0,0
364,748,Eswatini,%,0,0,0,11.1,0
365,748,Eswatini,%,0,0,0,0,11
366,231,Ethiopia,%,14.4,0,0,0,0
367,231,Ethiopia,%,0,15.7,0,0,0
368,231,Ethiopia,%,0,0,18.2,0,0
369,231,Ethiopia,%,0,0,0,21.9,0
370,231,Ethiopia,%,0,0,0,0,24.9
371,238,Falkland Islands (Malvinas),%,,0,0,0,0
372,238,Falkland Islands (Malvinas),%,0,,0,0,0
373,238,Falkland Islands (Malvinas),%,0,0,,0,0
374,238,Falkland Islands (Malvinas),%,0,0,0,,0
375,238,Falkland Islands (Malvinas),%,0,0,0,0,
376,234,Faroe Islands,%,,0,0,0,0
377,234,Faroe Islands,%,0,,0,0,0
378,234,Faroe Islands,%,0,0,,0,0
379,234,Faroe Islands,%,0,0,0,,0
380,234,Faroe Islands,%,0,0,0,0,
381,242,Fiji,%,6.3,0,0,0,0
382,242,Fiji,%,0,6.2,0,0,0
383,242,Fiji,%,0,0,5.5,0,0
384,242,Fiji,%,0,0,0,4.9,0
385,242,Fiji,%,0,0,0,0,5.7
386,246,Finland,%,<2.5,0,0,0,0
387,246,Finland,%,0,<2.5,0,0,0
388,246,Finland,%,0,0,<2.5,0,0
389,246,Finland,%,0,0,0,<2.5,0
390,246,Finland,%,0,0,0,0,<2.5
391,250,France,%,<2.5,0,0,0,0
392,250,France,%,0,<2.5,0,0,0
393,250,France,%,0,0,<2.5,0,0
394,250,France,%,0,0,0,<2.5,0
395,250,France,%,0,0,0,0,<2.5
396,254,French Guyana,%,,0,0,0,0
397,254,French Guyana,%,0,,0,0,0
398,254,French Guyana,%,0,0,,0,0
399,254,French Guyana,%,0,0,0,,0
400,254,French Guyana,%,0,0,0,0,
401,258,French Polynesia,%,3.8,0,0,0,0
402,258,French Polynesia,%,0,4,0,0,0
403,258,French Polynesia,%,0,0,4.1,0,0
404,258,French Polynesia,%,0,0,0,4.1,0
405,258,French Polynesia,%,0,0,0,0,4
406,260,French Southern Territories,%,,0,0,0,0
407,260,French Southern Territories,%,0,,0,0,0
408,260,French Southern Territories,%,0,0,,0,0
409,260,French Southern Territories,%,0,0,0,,0
410,266,Gabon,%,15.1,0,0,0,0
411,266,Gabon,%,0,16.1,0,0,0
412,266,Gabon,%,0,0,17,0,0
413,266,Gabon,%,0,0,0,16.6,0
414,266,Gabon,%,0,0,0,0,17.2
415,270,Gambia,%,11.6,0,0,0,0
416,270,Gambia,%,0,12.2,0,0,0
417,270,Gambia,%,0,0,13.1,0,0
418,270,Gambia,%,0,0,0,18,0
419,270,Gambia,%,0,0,0,0,21.6
420,268,Georgia,%,8.3,0,0,0,0
421,268,Georgia,%,0,8.1,0,0,0
422,268,Georgia,%,0,0,7.8,0,0
423,268,Georgia,%,0,0,0,7.8,0
424,268,Georgia,%,0,0,0,0,7.6
425,276,Germany,%,<2.5,0,0,0,0
426,276,Germany,%,0,<2.5,0,0,0
427,276,Germany,%,0,0,<2.5,0,0
428,276,Germany,%,0,0,0,<2.5,0
429,276,Germany,%,0,0,0,0,<2.5
430,288,Ghana,%,7.7,0,0,0,0
431,288,Ghana,%,0,7.1,0,0,0
432,288,Ghana,%,0,0,6.2,0,0
433,288,Ghana,%,0,0,0,5.2,0
434,288,Ghana,%,0,0,0,0,4.1
435,292,Gibraltar,%,,0,0,0,0
436,292,Gibraltar,%,0,,0,0,0
437,292,Gibraltar,%,0,0,,0,0
438,292,Gibraltar,%,0,0,0,,0
439,292,Gibraltar,%,0,0,0,0,
440,300,Greece,%,<2.5,0,0,0,0
441,300,Greece,%,0,<2.5,0,0,0
442,300,Greece,%,0,0,<2.5,0,0
443,300,Greece,%,0,0,0,<2.5,0
444,300,Greece,%,0,0,0,0,<2.5
445,304,Greenland,%,,0,0,0,0
446,304,Greenland,%,0,,0,0,0
447,304,Greenland,%,0,0,,0,0
448,304,Greenland,%,0,0,0,,0
449,304,Greenland,%,0,0,0,0,
450,308,Grenada,%,,0,0,0,0
451,308,Grenada,%,0,,0,0,0
452,308,Grenada,%,0,0,,0,0
453,308,Grenada,%,0,0,0,,0
454,308,Grenada,%,0,0,0,0,
455,312,Guadeloupe,%,,0,0,0,0
456,312,Guadeloupe,%,0,,0,0,0
457,312,Guadeloupe,%,0,0,,0,0
458,312,Guadeloupe,%,0,0,0,,0
459,312,Guadeloupe,%,0,0,0,0,
460,316,Guam,%,,0,0,0,0
461,316,Guam,%,0,,0,0,0
462,316,Guam,%,0,0,,0,0
463,316,Guam,%,0,0,0,,0
464,316,Guam,%,0,0,0,0,
465,320,Guatemala,%,16.4,0,0,0,0
466,320,Guatemala,%,0,16.3,0,0,0
467,320,Guatemala,%,0,0,16.2,0,0
468,320,Guatemala,%,0,0,0,16.3,0
469,320,Guatemala,%,0,0,0,0,16
470,831,Guernsey,%,,0,0,0,0
471,831,Guernsey,%,0,,0,0,0
472,831,Guernsey,%,0,0,,0,0
473,831,Guernsey,%,0,0,0,,0
474,324,Guinea,%,,0,0,0,0
475,324,Guinea,%,0,,0,0,0
476,324,Guinea,%,0,0,,0,0
477,324,Guinea,%,0,0,0,,0
478,324,Guinea,%,0,0,0,0,
479,624,Guinea-Bissau,%,,0,0,0,0
480,624,Guinea-Bissau,%,0,,0,0,0
481,624,Guinea-Bissau,%,0,0,,0,0
482,624,Guinea-Bissau,%,0,0,0,,0
483,624,Guinea-Bissau,%,0,0,0,0,
484,328,Guyana,%,6.4,0,0,0,0
485,328,Guyana,%,0,6.1,0,0,0
486,328,Guyana,%,0,0,5.4,0,0
487,328,Guyana,%,0,0,0,5,0
488,328,Guyana,%,0,0,0,0,4.9
489,332,Haiti,%,43.2,0,0,0,0
490,332,Haiti,%,0,44.6,0,0,0
491,332,Haiti,%,0,0,45.4,0,0
492,332,Haiti,%,0,0,0,46.4,0
493,332,Haiti,%,0,0,0,0,47.2
494,334,Heard and McDonald Islands,%,,0,0,0,0
495,334,Heard and McDonald Islands,%,0,,0,0,0
496,334,Heard and McDonald Islands,%,0,0,,0,0
497,334,Heard and McDonald Islands,%,0,0,0,,0
498,336,Holy See,%,,0,0,0,0
499,336,Holy See,%,0,,0,0,0
500,336,Holy See,%,0,0,,0,0
501,336,Holy See,%,0,0,0,,0
502,336,Holy See,%,0,0,0,0,
503,340,Honduras,%,13.8,0,0,0,0
504,340,Honduras,%,0,13.2,0,0,0
505,340,Honduras,%,0,0,13.1,0,0
506,340,Honduras,%,0,0,0,13.3,0
507,340,Honduras,%,0,0,0,0,15.3
508,348,Hungary,%,<2.5,0,0,0,0
509,348,Hungary,%,0,<2.5,0,0,0
510,348,Hungary,%,0,0,<2.5,0,0
511,348,Hungary,%,0,0,0,<2.5,0
512,348,Hungary,%,0,0,0,0,<2.5
513,352,Iceland,%,<2.5,0,0,0,0
514,352,Iceland,%,0,<2.5,0,0,0
515,352,Iceland,%,0,0,<2.5,0,0
516,352,Iceland,%,0,0,0,<2.5,0
517,352,Iceland,%,0,0,0,0,<2.5
518,356,India,%,13.9,0,0,0,0
519,356,India,%,0,13.2,0,0,0
520,356,India,%,0,0,13.3,0,0
521,356,India,%,0,0,0,14.6,0
522,356,India,%,0,0,0,0,16.3
523,360,Indonesia,%,6.6,0,0,0,0
524,360,Indonesia,%,0,5.9,0,0,0
525,360,Indonesia,%,0,0,5.9,0,0
526,360,Indonesia,%,0,0,0,6.2,0
527,360,Indonesia,%,0,0,0,0,6.5
528,364,Iran (Islamic Republic of),%,4.9,0,0,0,0
529,364,Iran (Islamic Republic of),%,0,5.2,0,0,0
530,364,Iran (Islamic Republic of),%,0,0,5.2,0,0
531,364,Iran (Islamic Republic of),%,0,0,0,4.9,0
532,364,Iran (Islamic Republic of),%,0,0,0,0,4.1
533,368,Iraq,%,19.1,0,0,0,0
534,368,Iraq,%,0,18.8,0,0,0
535,368,Iraq,%,0,0,18.1,0,0
536,368,Iraq,%,0,0,0,17.4,0
537,368,Iraq,%,0,0,0,0,15.9
538,372,Ireland,%,<2.5,0,0,0,0
539,372,Ireland,%,0,<2.5,0,0,0
540,372,Ireland,%,0,0,<2.5,0,0
541,372,Ireland,%,0,0,0,<2.5,0
542,372,Ireland,%,0,0,0,0,<2.5
543,833,Isle of Man,%,,0,0,0,0
544,833,Isle of Man,%,0,,0,0,0
545,833,Isle of Man,%,0,0,,0,0
546,833,Isle of Man,%,0,0,0,,0
547,833,Isle of Man,%,0,0,0,0,
548,376,Israel,%,<2.5,0,0,0,0
549,376,Israel,%,0,<2.5,0,0,0
550,376,Israel,%,0,0,<2.5,0,0
551,376,Israel,%,0,0,0,<2.5,0
552,376,Israel,%,0,0,0,0,<2.5
553,380,Italy,%,<2.5,0,0,0,0
554,380,Italy,%,0,<2.5,0,0,0
555,380,Italy,%,0,0,<2.5,0,0
556,380,Italy,%,0,0,0,<2.5,0
557,380,Italy,%,0,0,0,0,<2.5
558,388,Jamaica,%,9.3,0,0,0,0
559,388,Jamaica,%,0,9,0,0,0
560,388,Jamaica,%,0,0,8.1,0,0
561,388,Jamaica,%,0,0,0,7.5,0
562,388,Jamaica,%,0,0,0,0,6.9
563,392,Japan,%,<2.5,0,0,0,0
564,392,Japan,%,0,<2.5,0,0,0
565,392,Japan,%,0,0,<2.5,0,0
566,392,Japan,%,0,0,0,2.8,0
567,392,Japan,%,0,0,0,0,3.2
568,832,Jersey,%,,0,0,0,0
569,832,Jersey,%,0,,0,0,0
570,832,Jersey,%,0,0,,0,0
571,832,Jersey,%,0,0,0,,0
572,400,Jordan,%,7.1,0,0,0,0
573,400,Jordan,%,0,8.8,0,0,0
574,400,Jordan,%,0,0,11.2,0,0
575,400,Jordan,%,0,0,0,14.6,0
576,400,Jordan,%,0,0,0,0,16.9
577,398,Kazakhstan,%,<2.5,0,0,0,0
578,398,Kazakhstan,%,0,<2.5,0,0,0
579,398,Kazakhstan,%,0,0,<2.5,0,0
580,398,Kazakhstan,%,0,0,0,<2.5,0
581,398,Kazakhstan,%,0,0,0,0,<2.5
582,404,Kenya,%,23.3,0,0,0,0
583,404,Kenya,%,0,25.1,0,0,0
584,404,Kenya,%,0,0,24.7,0,0
585,404,Kenya,%,0,0,0,25.6,0
586,404,Kenya,%,0,0,0,0,26.9
587,296,Kiribati,%,3.3,0,0,0,0
588,296,Kiribati,%,0,3.4,0,0,0
589,296,Kiribati,%,0,0,3.9,0,0
590,296,Kiribati,%,0,0,0,4,0
591,296,Kiribati,%,0,0,0,0,4.2
592,414,Kuwait,%,<2.5,0,0,0,0
593,414,Kuwait,%,0,<2.5,0,0,0
594,414,Kuwait,%,0,0,<2.5,0,0
595,414,Kuwait,%,0,0,0,<2.5,0
596,414,Kuwait,%,0,0,0,0,2.7
597,417,Kyrgyzstan,%,6.1,0,0,0,0
598,417,Kyrgyzstan,%,0,5.8,0,0,0
599,417,Kyrgyzstan,%,0,0,5.4,0,0
600,417,Kyrgyzstan,%,0,0,0,5.2,0
601,417,Kyrgyzstan,%,0,0,0,0,5.3
602,418,Lao People's Democratic Republic,%,5.9,0,0,0,0
603,418,Lao People's Democratic Republic,%,0,5.6,0,0,0
604,418,Lao People's Democratic Republic,%,0,0,5.3,0,0
605,418,Lao People's Democratic Republic,%,0,0,0,5.4,0
606,418,Lao People's Democratic Republic,%,0,0,0,0,5.1
607,428,Latvia,%,<2.5,0,0,0,0
608,428,Latvia,%,0,<2.5,0,0,0
609,428,Latvia,%,0,0,<2.5,0,0
610,428,Latvia,%,0,0,0,<2.5,0
611,428,Latvia,%,0,0,0,0,<2.5
612,422,Lebanon,%,6.2,0,0,0,0
613,422,Lebanon,%,0,6.8,0,0,0
614,422,Lebanon,%,0,0,7.1,0,0
615,422,Lebanon,%,0,0,0,9,0
616,422,Lebanon,%,0,0,0,0,10.9
617,426,Lesotho,%,32,0,0,0,0
618,426,Lesotho,%,0,29.5,0,0,0
619,426,Lesotho,%,0,0,28.7,0,0
620,426,Lesotho,%,0,0,0,31.2,0
621,426,Lesotho,%,0,0,0,0,34.7
622,430,Liberia,%,36.3,0,0,0,0
623,430,Liberia,%,0,36.6,0,0,0
624,430,Liberia,%,0,0,37.5,0,0
625,430,Liberia,%,0,0,0,39.2,0
626,430,Liberia,%,0,0,0,0,38.3
627,434,Libya,%,,0,0,0,0
628,434,Libya,%,0,,0,0,0
629,434,Libya,%,0,0,,0,0
630,434,Libya,%,0,0,0,,0
631,434,Libya,%,0,0,0,0,
632,438,Liechtenstein,%,,0,0,0,0
633,438,Liechtenstein,%,0,,0,0,0
634,438,Liechtenstein,%,0,0,,0,0
635,438,Liechtenstein,%,0,0,0,,0
636,438,Liechtenstein,%,0,0,0,0,
637,440,Lithuania,%,<2.5,0,0,0,0
638,440,Lithuania,%,0,<2.5,0,0,0
639,440,Lithuania,%,0,0,<2.5,0,0
640,440,Lithuania,%,0,0,0,<2.5,0
641,440,Lithuania,%,0,0,0,0,<2.5
642,442,Luxembourg,%,<2.5,0,0,0,0
643,442,Luxembourg,%,0,<2.5,0,0,0
644,442,Luxembourg,%,0,0,<2.5,0,0
645,442,Luxembourg,%,0,0,0,<2.5,0
646,442,Luxembourg,%,0,0,0,0,<2.5
647,450,Madagascar,%,41.6,0,0,0,0
648,450,Madagascar,%,0,42.3,0,0,0
649,450,Madagascar,%,0,0,44.3,0,0
650,450,Madagascar,%,0,0,0,47.4,0
651,450,Madagascar,%,0,0,0,0,48.5
652,454,Malawi,%,16.1,0,0,0,0
653,454,Malawi,%,0,16.6,0,0,0
654,454,Malawi,%,0,0,16.8,0,0
655,454,Malawi,%,0,0,0,17.6,0
656,454,Malawi,%,0,0,0,0,17.8
657,458,Malaysia,%,3.5,0,0,0,0
658,458,Malaysia,%,0,3.2,0,0,0
659,458,Malaysia,%,0,0,2.7,0,0
660,458,Malaysia,%,0,0,0,2.6,0
661,458,Malaysia,%,0,0,0,0,<2.5
662,462,Maldives,%,,0,0,0,0
663,462,Maldives,%,0,,0,0,0
664,462,Maldives,%,0,0,,0,0
665,462,Maldives,%,0,0,0,,0
666,462,Maldives,%,0,0,0,0,
667,466,Mali,%,3.1,0,0,0,0
668,466,Mali,%,0,3.1,0,0,0
669,466,Mali,%,0,0,3.4,0,0
670,466,Mali,%,0,0,0,5.6,0
671,466,Mali,%,0,0,0,0,9.8
672,470,Malta,%,<2.5,0,0,0,0
673,470,Malta,%,0,<2.5,0,0,0
674,470,Malta,%,0,0,<2.5,0,0
675,470,Malta,%,0,0,0,<2.5,0
676,470,Malta,%,0,0,0,0,<2.5
677,584,Marshall Islands,%,,0,0,0,0
678,584,Marshall Islands,%,0,,0,0,0
679,584,Marshall Islands,%,0,0,,0,0
680,584,Marshall Islands,%,0,0,0,,0
681,584,Marshall Islands,%,0,0,0,0,
682,474,Martinique,%,,0,0,0,0
683,474,Martinique,%,0,,0,0,0
684,474,Martinique,%,0,0,,0,0
685,474,Martinique,%,0,0,0,,0
686,474,Martinique,%,0,0,0,0,
687,478,Mauritania,%,8.5,0,0,0,0
688,478,Mauritania,%,0,8.5,0,0,0
689,478,Mauritania,%,0,0,8.6,0,0
690,478,Mauritania,%,0,0,0,9.2,0
691,478,Mauritania,%,0,0,0,0,10.1
692,480,Mauritius,%,5.8,0,0,0,0
693,480,Mauritius,%,0,6,0,0,0
694,480,Mauritius,%,0,0,6,0,0
695,480,Mauritius,%,0,0,0,7.2,0
696,480,Mauritius,%,0,0,0,0,7.8
697,175,Mayotte,%,,0,0,0,0
698,175,Mayotte,%,0,,0,0,0
699,175,Mayotte,%,0,0,,0,0
700,175,Mayotte,%,0,0,0,,0
701,175,Mayotte,%,0,0,0,0,
702,484,Mexico,%,5.8,0,0,0,0
703,484,Mexico,%,0,6.1,0,0,0
704,484,Mexico,%,0,0,6,0,0
705,484,Mexico,%,0,0,0,6,0
706,484,Mexico,%,0,0,0,0,6.1
707,583,Micronesia (Federated States of),%,,0,0,0,0
708,583,Micronesia (Federated States of),%,0,,0,0,0
709,583,Micronesia (Federated States of),%,0,0,,0,0
710,583,Micronesia (Federated States of),%,0,0,0,,0
711,583,Micronesia (Federated States of),%,0,0,0,0,
712,492,Monaco,%,,0,0,0,0
713,492,Monaco,%,0,,0,0,0
714,492,Monaco,%,0,0,,0,0
715,492,Monaco,%,0,0,0,,0
716,492,Monaco,%,0,0,0,0,
717,496,Mongolia,%,7.4,0,0,0,0
718,496,Mongolia,%,0,6.3,0,0,0
719,496,Mongolia,%,0,0,5.5,0,0
720,496,Mongolia,%,0,0,0,4,0
721,496,Mongolia,%,0,0,0,0,3.6
722,499,Montenegro,%,<2.5,0,0,0,0
723,499,Montenegro,%,0,<2.5,0,0,0
724,499,Montenegro,%,0,0,<2.5,0,0
725,499,Montenegro,%,0,0,0,<2.5,0
726,499,Montenegro,%,0,0,0,0,<2.5
727,500,Montserrat,%,,0,0,0,0
728,500,Montserrat,%,0,,0,0,0
729,500,Montserrat,%,0,0,,0,0
730,500,Montserrat,%,0,0,0,,0
731,500,Montserrat,%,0,0,0,0,
732,504,Morocco,%,3.8,0,0,0,0
733,504,Morocco,%,0,3.7,0,0,0
734,504,Morocco,%,0,0,3.8,0,0
735,504,Morocco,%,0,0,0,4.4,0
736,504,Morocco,%,0,0,0,0,5.6
737,508,Mozambique,%,31.5,0,0,0,0
738,508,Mozambique,%,0,31.4,0,0,0
739,508,Mozambique,%,0,0,31,0,0
740,508,Mozambique,%,0,0,0,31.8,0
741,508,Mozambique,%,0,0,0,0,32.7
742,104,Myanmar,%,3.5,0,0,0,0
743,104,Myanmar,%,0,3,0,0,0
744,104,Myanmar,%,0,0,2.6,0,0
745,104,Myanmar,%,0,0,0,<2.5,0
746,104,Myanmar,%,0,0,0,0,3.1
747,516,Namibia,%,20.2,0,0,0,0
748,516,Namibia,%,0,19.9,0,0,0
749,516,Namibia,%,0,0,20,0,0
750,516,Namibia,%,0,0,0,18.9,0
751,516,Namibia,%,0,0,0,0,18
752,520,Nauru,%,,0,0,0,0
753,520,Nauru,%,0,,0,0,0
754,520,Nauru,%,0,0,,0,0
755,520,Nauru,%,0,0,0,,0
756,520,Nauru,%,0,0,0,0,
757,524,Nepal,%,4.5,0,0,0,0
758,524,Nepal,%,0,4.2,0,0,0
759,524,Nepal,%,0,0,4.3,0,0
760,524,Nepal,%,0,0,0,4.8,0
761,524,Nepal,%,0,0,0,0,5.5
762,528,Netherlands,%,<2.5,0,0,0,0
763,528,Netherlands,%,0,<2.5,0,0,0
764,528,Netherlands,%,0,0,<2.5,0,0
765,528,Netherlands,%,0,0,0,<2.5,0
766,528,Netherlands,%,0,0,0,0,<2.5
767,540,New Caledonia,%,6.5,0,0,0,0
768,540,New Caledonia,%,0,6.7,0,0,0
769,540,New Caledonia,%,0,0,6.8,0,0
770,540,New Caledonia,%,0,0,0,6.8,0
771,540,New Caledonia,%,0,0,0,0,6.8
772,554,New Zealand,%,<2.5,0,0,0,0
773,554,New Zealand,%,0,<2.5,0,0,0
774,554,New Zealand,%,0,0,<2.5,0,0
775,554,New Zealand,%,0,0,0,<2.5,0
776,554,New Zealand,%,0,0,0,0,<2.5
777,558,Nicaragua,%,18,0,0,0,0
778,558,Nicaragua,%,0,17.2,0,0,0
779,558,Nicaragua,%,0,0,17.4,0,0
780,558,Nicaragua,%,0,0,0,17.5,0
781,558,Nicaragua,%,0,0,0,0,18.6
782,562,Niger,%,,0,0,0,0
783,562,Niger,%,0,,0,0,0
784,562,Niger,%,0,0,,0,0
785,562,Niger,%,0,0,0,,0
786,562,Niger,%,0,0,0,0,
787,566,Nigeria,%,9.4,0,0,0,0
788,566,Nigeria,%,0,10,0,0,0
789,566,Nigeria,%,0,0,10.4,0,0
790,566,Nigeria,%,0,0,0,12,0
791,566,Nigeria,%,0,0,0,0,12.7
792,570,Niue,%,,0,0,0,0
793,570,Niue,%,0,,0,0,0
794,570,Niue,%,0,0,,0,0
795,570,Niue,%,0,0,0,,0
796,570,Niue,%,0,0,0,0,
797,574,Norfolk Island,%,,0,0,0,0
798,574,Norfolk Island,%,0,,0,0,0
799,574,Norfolk Island,%,0,0,,0,0
800,574,Norfolk Island,%,0,0,0,,0
801,807,North Macedonia,%,3,0,0,0,0
802,807,North Macedonia,%,0,2.8,0,0,0
803,807,North Macedonia,%,0,0,2.5,0,0
804,807,North Macedonia,%,0,0,0,3.1,0
805,807,North Macedonia,%,0,0,0,0,3.3
806,580,Northern Mariana Islands,%,,0,0,0,0
807,580,Northern Mariana Islands,%,0,,0,0,0
808,580,Northern Mariana Islands,%,0,0,,0,0
809,580,Northern Mariana Islands,%,0,0,0,,0
810,580,Northern Mariana Islands,%,0,0,0,0,
811,578,Norway,%,<2.5,0,0,0,0
812,578,Norway,%,0,<2.5,0,0,0
813,578,Norway,%,0,0,<2.5,0,0
814,578,Norway,%,0,0,0,<2.5,0
815,578,Norway,%,0,0,0,0,<2.5
816,512,Oman,%,8.4,0,0,0,0
817,512,Oman,%,0,8.4,0,0,0
818,512,Oman,%,0,0,7.9,0,0
819,512,Oman,%,0,0,0,8.8,0
820,512,Oman,%,0,0,0,0,9.8
821,586,Pakistan,%,12.4,0,0,0,0
822,586,Pakistan,%,0,12.1,0,0,0
823,586,Pakistan,%,0,0,12.3,0,0
824,586,Pakistan,%,0,0,0,14.1,0
825,586,Pakistan,%,0,0,0,0,16.9
826,585,Palau,%,,0,0,0,0
827,585,Palau,%,0,,0,0,0
828,585,Palau,%,0,0,,0,0
829,585,Palau,%,0,0,0,,0
830,585,Palau,%,0,0,0,0,
831,275,Palestine,%,,0,0,0,0
832,275,Palestine,%,0,,0,0,0
833,275,Palestine,%,0,0,,0,0
834,275,Palestine,%,0,0,0,,0
835,275,Palestine,%,0,0,0,0,
836,591,Panama,%,7.8,0,0,0,0
837,591,Panama,%,0,6.7,0,0,0
838,591,Panama,%,0,0,6,0,0
839,591,Panama,%,0,0,0,5.4,0
840,591,Panama,%,0,0,0,0,5.8
841,598,Papua New Guinea,%,23.2,0,0,0,0
842,598,Papua New Guinea,%,0,23.1,0,0,0
843,598,Papua New Guinea,%,0,0,22.6,0,0
844,598,Papua New Guinea,%,0,0,0,21.9,0
845,598,Papua New Guinea,%,0,0,0,0,21.6
846,600,Paraguay,%,7.7,0,0,0,0
847,600,Paraguay,%,0,7.8,0,0,0
848,600,Paraguay,%,0,0,7.8,0,0
849,600,Paraguay,%,0,0,0,8.2,0
850,600,Paraguay,%,0,0,0,0,8.7
851,604,Peru,%,6.9,0,0,0,0
852,604,Peru,%,0,7.6,0,0,0
853,604,Peru,%,0,0,7.6,0,0
854,604,Peru,%,0,0,0,8.1,0
855,604,Peru,%,0,0,0,0,8.3
856,608,Philippines,%,8.8,0,0,0,0
857,608,Philippines,%,0,7.5,0,0,0
858,608,Philippines,%,0,0,6.2,0,0
859,608,Philippines,%,0,0,0,5.5,0
860,608,Philippines,%,0,0,0,0,5.2
861,612,Pitcairn,%,,0,0,0,0
862,612,Pitcairn,%,0,,0,0,0
863,612,Pitcairn,%,0,0,,0,0
864,612,Pitcairn,%,0,0,0,,0
865,616,Poland,%,<2.5,0,0,0,0
866,616,Poland,%,0,<2.5,0,0,0
867,616,Poland,%,0,0,<2.5,0,0
868,616,Poland,%,0,0,0,<2.5,0
869,616,Poland,%,0,0,0,0,<2.5
870,620,Portugal,%,<2.5,0,0,0,0
871,620,Portugal,%,0,<2.5,0,0,0
872,620,Portugal,%,0,0,<2.5,0,0
873,620,Portugal,%,0,0,0,<2.5,0
874,620,Portugal,%,0,0,0,0,<2.5
875,630,Puerto Rico,%,,0,0,0,0
876,630,Puerto Rico,%,0,,0,0,0
877,630,Puerto Rico,%,0,0,,0,0
878,630,Puerto Rico,%,0,0,0,,0
879,630,Puerto Rico,%,0,0,0,0,
880,634,Qatar,%,,0,0,0,0
881,634,Qatar,%,0,,0,0,0
882,634,Qatar,%,0,0,,0,0
883,634,Qatar,%,0,0,0,,0
884,634,Qatar,%,0,0,0,0,
885,410,Republic of Korea,%,<2.5,0,0,0,0
886,410,Republic of Korea,%,0,<2.5,0,0,0
887,410,Republic of Korea,%,0,0,<2.5,0,0
888,410,Republic of Korea,%,0,0,0,<2.5,0
889,410,Republic of Korea,%,0,0,0,0,<2.5
890,498,Republic of Moldova,%,,0,0,0,0
891,498,Republic of Moldova,%,0,,0,0,0
892,498,Republic of Moldova,%,0,0,,0,0
893,498,Republic of Moldova,%,0,0,0,,0
894,498,Republic of Moldova,%,0,0,0,0,
895,638,Réunion,%,,0,0,0,0
896,638,Réunion,%,0,,0,0,0
897,638,Réunion,%,0,0,,0,0
898,638,Réunion,%,0,0,0,,0
899,638,Réunion,%,0,0,0,0,
900,642,Romania,%,<2.5,0,0,0,0
901,642,Romania,%,0,<2.5,0,0,0
902,642,Romania,%,0,0,<2.5,0,0
903,642,Romania,%,0,0,0,<2.5,0
904,642,Romania,%,0,0,0,0,<2.5
905,643,Russian Federation,%,<2.5,0,0,0,0
906,643,Russian Federation,%,0,<2.5,0,0,0
907,643,Russian Federation,%,0,0,<2.5,0,0
908,643,Russian Federation,%,0,0,0,<2.5,0
909,643,Russian Federation,%,0,0,0,0,<2.5
910,646,Rwanda,%,34.9,0,0,0,0
911,646,Rwanda,%,0,34.7,0,0,0
912,646,Rwanda,%,0,0,34.7,0,0
913,646,Rwanda,%,0,0,0,35.2,0
914,646,Rwanda,%,0,0,0,0,35.8
915,652,Saint Barthélemy,%,,0,0,0,0
916,652,Saint Barthélemy,%,0,,0,0,0
917,652,Saint Barthélemy,%,0,0,,0,0
918,652,Saint Barthélemy,%,0,0,0,,0
919,652,Saint Barthélemy,%,0,0,0,0,
920,654,"Saint Helena, Ascension and Tristan da Cunha",%,,0,0,0,0
921,654,"Saint Helena, Ascension and Tristan da Cunha",%,0,,0,0,0
922,654,"Saint Helena, Ascension and Tristan da Cunha",%,0,0,,0,0
923,654,"Saint Helena, Ascension and Tristan da Cunha",%,0,0,0,,0
924,654,"Saint Helena, Ascension and Tristan da Cunha",%,0,0,0,0,
925,659,Saint Kitts and Nevis,%,,0,0,0,0
926,659,Saint Kitts and Nevis,%,0,,0,0,0
927,659,Saint Kitts and Nevis,%,0,0,,0,0
928,659,Saint Kitts and Nevis,%,0,0,0,,0
929,659,Saint Kitts and Nevis,%,0,0,0,0,
930,662,Saint Lucia,%,,0,0,0,0
931,662,Saint Lucia,%,0,,0,0,0
932,662,Saint Lucia,%,0,0,,0,0
933,662,Saint Lucia,%,0,0,0,,0
934,662,Saint Lucia,%,0,0,0,0,
935,666,Saint Pierre and Miquelon,%,,0,0,0,0
936,666,Saint Pierre and Miquelon,%,0,,0,0,0
937,666,Saint Pierre and Miquelon,%,0,0,,0,0
938,666,Saint Pierre and Miquelon,%,0,0,0,,0
939,666,Saint Pierre and Miquelon,%,0,0,0,0,
940,670,Saint Vincent and the Grenadines,%,5.8,0,0,0,0
941,670,Saint Vincent and the Grenadines,%,0,5.7,0,0,0
942,670,Saint Vincent and the Grenadines,%,0,0,5.5,0,0
943,670,Saint Vincent and the Grenadines,%,0,0,0,6.6,0
944,670,Saint Vincent and the Grenadines,%,0,0,0,0,7.6
945,663,Saint-Martin (French part),%,,0,0,0,0
946,663,Saint-Martin (French part),%,0,,0,0,0
947,663,Saint-Martin (French part),%,0,0,,0,0
948,663,Saint-Martin (French part),%,0,0,0,,0
949,663,Saint-Martin (French part),%,0,0,0,0,
950,882,Samoa,%,4.7,0,0,0,0
951,882,Samoa,%,0,4.6,0,0,0
952,882,Samoa,%,0,0,4.5,0,0
953,882,Samoa,%,0,0,0,4.4,0
954,882,Samoa,%,0,0,0,0,4.4
955,674,San Marino,%,,0,0,0,0
956,674,San Marino,%,0,,0,0,0
957,674,San Marino,%,0,0,,0,0
958,674,San Marino,%,0,0,0,,0
959,674,San Marino,%,0,0,0,0,
960,678,Sao Tome and Principe,%,12.9,0,0,0,0
961,678,Sao Tome and Principe,%,0,12.5,0,0,0
962,678,Sao Tome and Principe,%,0,0,12.8,0,0
963,678,Sao Tome and Principe,%,0,0,0,13,0
964,678,Sao Tome and Principe,%,0,0,0,0,13.5
965,682,Saudi Arabia,%,3.7,0,0,0,0
966,682,Saudi Arabia,%,0,3.7,0,0,0
967,682,Saudi Arabia,%,0,0,3.8,0,0
968,682,Saudi Arabia,%,0,0,0,3.9,0
969,682,Saudi Arabia,%,0,0,0,0,3.7
970,686,Senegal,%,9.5,0,0,0,0
971,686,Senegal,%,0,8.5,0,0,0
972,686,Senegal,%,0,0,7.8,0,0
973,686,Senegal,%,0,0,0,7.4,0
974,686,Senegal,%,0,0,0,0,7.5
975,688,Serbia,%,4.2,0,0,0,0
976,688,Serbia,%,0,4,0,0,0
977,688,Serbia,%,0,0,3.8,0,0
978,688,Serbia,%,0,0,0,3.7,0
979,688,Serbia,%,0,0,0,0,3.3
980,690,Seychelles,%,,0,0,0,0
981,690,Seychelles,%,0,,0,0,0
982,690,Seychelles,%,0,0,,0,0
983,690,Seychelles,%,0,0,0,,0
984,690,Seychelles,%,0,0,0,0,
985,694,Sierra Leone,%,25.9,0,0,0,0
986,694,Sierra Leone,%,0,27.2,0,0,0
987,694,Sierra Leone,%,0,0,27.7,0,0
988,694,Sierra Leone,%,0,0,0,27.9,0
989,694,Sierra Leone,%,0,0,0,0,27.4
990,702,Singapore,%,,0,0,0,0
991,702,Singapore,%,0,,0,0,0
992,702,Singapore,%,0,0,,0,0
993,702,Singapore,%,0,0,0,,0
994,702,Singapore,%,0,0,0,0,
995,534,Sint Maarten (Dutch part),%,,0,0,0,0
996,534,Sint Maarten (Dutch part),%,0,,0,0,0
997,534,Sint Maarten (Dutch part),%,0,0,,0,0
998,534,Sint Maarten (Dutch part),%,0,0,0,,0
999,534,Sint Maarten (Dutch part),%,0,0,0,0,
1000,703,Slovakia,%,5.6,0,0,0,0
1001,703,Slovakia,%,0,4.4,0,0,0
1002,703,Slovakia,%,0,0,3.9,0,0
1003,703,Slovakia,%,0,0,0,3.7,0
1004,703,Slovakia,%,0,0,0,0,3.8
1005,705,Slovenia,%,<2.5,0,0,0,0
1006,705,Slovenia,%,0,<2.5,0,0,0
1007,705,Slovenia,%,0,0,<2.5,0,0
1008,705,Slovenia,%,0,0,0,<2.5,0
1009,705,Slovenia,%,0,0,0,0,<2.5
1010,90,Solomon Islands,%,18.1,0,0,0,0
1011,90,Solomon Islands,%,0,17.7,0,0,0
1012,90,Solomon Islands,%,0,0,17.6,0,0
1013,90,Solomon Islands,%,0,0,0,17.8,0
1014,90,Solomon Islands,%,0,0,0,0,18.1
1015,706,Somalia,%,59.7,0,0,0,0
1016,706,Somalia,%,0,58.9,0,0,0
1017,706,Somalia,%,0,0,56.6,0,0
1018,706,Somalia,%,0,0,0,54.8,0
1019,706,Somalia,%,0,0,0,0,53.1
1020,710,South Africa,%,5.4,0,0,0,0
1021,710,South Africa,%,0,5.5,0,0,0
1022,710,South Africa,%,0,0,5.7,0,0
1023,710,South Africa,%,0,0,0,6.3,0
1024,710,South Africa,%,0,0,0,0,6.9
1025,239,South Georgia and the South Sandwich Islands,%,,0,0,0,0
1026,239,South Georgia and the South Sandwich Islands,%,0,,0,0,0
1027,239,South Georgia and the South Sandwich Islands,%,0,0,,0,0
1028,239,South Georgia and the South Sandwich Islands,%,0,0,0,,0
1029,728,South Sudan,%,,0,0,0,0
1030,728,South Sudan,%,0,,0,0,0
1031,728,South Sudan,%,0,0,,0,0
1032,728,South Sudan,%,0,0,0,,0
1033,728,South Sudan,%,0,0,0,0,
1034,724,Spain,%,<2.5,0,0,0,0
1035,724,Spain,%,0,<2.5,0,0,0
1036,724,Spain,%,0,0,<2.5,0,0
1037,724,Spain,%,0,0,0,<2.5,0
1038,724,Spain,%,0,0,0,0,<2.5
1039,144,Sri Lanka,%,4.7,0,0,0,0
1040,144,Sri Lanka,%,0,4.3,0,0,0
1041,144,Sri Lanka,%,0,0,4.1,0,0
1042,144,Sri Lanka,%,0,0,0,3.7,0
1043,144,Sri Lanka,%,0,0,0,0,3.4
1044,729,Sudan,%,11.8,0,0,0,0
1045,729,Sudan,%,0,11.8,0,0,0
1046,729,Sudan,%,0,0,11.8,0,0
1047,729,Sudan,%,0,0,0,11.7,0
1048,729,Sudan,%,0,0,0,0,12.8
1049,740,Suriname,%,8.3,0,0,0,0
1050,740,Suriname,%,0,8.3,0,0,0
1051,740,Suriname,%,0,0,8,0,0
1052,740,Suriname,%,0,0,0,8,0
1053,740,Suriname,%,0,0,0,0,8.2
1054,744,Svalbard and Jan Mayen Islands,%,,0,0,0,0
1055,744,Svalbard and Jan Mayen Islands,%,0,,0,0,0
1056,744,Svalbard and Jan Mayen Islands,%,0,0,,0,0
1057,744,Svalbard and Jan Mayen Islands,%,0,0,0,,0
1058,752,Sweden,%,<2.5,0,0,0,0
1059,752,Sweden,%,0,<2.5,0,0,0
1060,752,Sweden,%,0,0,<2.5,0,0
1061,752,Sweden,%,0,0,0,<2.5,0
1062,752,Sweden,%,0,0,0,0,<2.5
1063,756,Switzerland,%,<2.5,0,0,0,0
1064,756,Switzerland,%,0,<2.5,0,0,0
1065,756,Switzerland,%,0,0,<2.5,0,0
1066,756,Switzerland,%,0,0,0,<2.5,0
1067,756,Switzerland,%,0,0,0,0,<2.5
1068,760,Syrian Arab Republic,%,,0,0,0,0
1069,760,Syrian Arab Republic,%,0,,0,0,0
1070,760,Syrian Arab Republic,%,0,0,,0,0
1071,760,Syrian Arab Republic,%,0,0,0,,0
1072,760,Syrian Arab Republic,%,0,0,0,0,
1073,762,Tajikistan,%,,0,0,0,0
1074,762,Tajikistan,%,0,,0,0,0
1075,762,Tajikistan,%,0,0,,0,0
1076,762,Tajikistan,%,0,0,0,,0
1077,762,Tajikistan,%,0,0,0,0,
1078,764,Thailand,%,7.5,0,0,0,0
1079,764,Thailand,%,0,7.7,0,0,0
1080,764,Thailand,%,0,0,7.8,0,0
1081,764,Thailand,%,0,0,0,8,0
1082,764,Thailand,%,0,0,0,0,8.8
1083,626,Timor-Leste,%,24.2,0,0,0,0
1084,626,Timor-Leste,%,0,24.6,0,0,0
1085,626,Timor-Leste,%,0,0,25.1,0,0
1086,626,Timor-Leste,%,0,0,0,25,0
1087,626,Timor-Leste,%,0,0,0,0,26.2
1088,768,Togo,%,21.2,0,0,0,0
1089,768,Togo,%,0,21,0,0,0
1090,768,Togo,%,0,0,20.7,0,0
1091,768,Togo,%,0,0,0,20.1,0
1092,768,Togo,%,0,0,0,0,18.8
1093,772,Tokelau,%,,0,0,0,0
1094,772,Tokelau,%,0,,0,0,0
1095,772,Tokelau,%,0,0,,0,0
1096,772,Tokelau,%,0,0,0,,0
1097,772,Tokelau,%,0,0,0,0,
1098,776,Tonga,%,,0,0,0,0
1099,776,Tonga,%,0,,0,0,0
1100,776,Tonga,%,0,0,,0,0
1101,776,Tonga,%,0,0,0,,0
1102,776,Tonga,%,0,0,0,0,
1103,780,Trinidad and Tobago,%,6.8,0,0,0,0
1104,780,Trinidad and Tobago,%,0,6.9,0,0,0
1105,780,Trinidad and Tobago,%,0,0,7,0,0
1106,780,Trinidad and Tobago,%,0,0,0,7.3,0
1107,780,Trinidad and Tobago,%,0,0,0,0,7.5
1108,788,Tunisia,%,<2.5,0,0,0,0
1109,788,Tunisia,%,0,<2.5,0,0,0
1110,788,Tunisia,%,0,0,<2.5,0,0
1111,788,Tunisia,%,0,0,0,2.6,0
1112,788,Tunisia,%,0,0,0,0,3.1
1113,792,Türkiye,%,<2.5,0,0,0,0
1114,792,Türkiye,%,0,<2.5,0,0,0
1115,792,Türkiye,%,0,0,<2.5,0,0
1116,792,Türkiye,%,0,0,0,<2.5,0
1117,792,Türkiye,%,0,0,0,0,<2.5
1118,795,Turkmenistan,%,3.4,0,0,0,0
1119,795,Turkmenistan,%,0,3.5,0,0,0
1120,795,Turkmenistan,%,0,0,3.5,0,0
1121,795,Turkmenistan,%,0,0,0,3.5,0
1122,795,Turkmenistan,%,0,0,0,0,3.5
1123,796,Turks and Caicos Islands,%,,0,0,0,0
1124,796,Turks and Caicos Islands,%,0,,0,0,0
1125,796,Turks and Caicos Islands,%,0,0,,0,0
1126,796,Turks and Caicos Islands,%,0,0,0,,0
1127,796,Turks and Caicos Islands,%,0,0,0,0,
1128,798,Tuvalu,%,,0,0,0,0
1129,798,Tuvalu,%,0,,0,0,0
1130,798,Tuvalu,%,0,0,,0,0
1131,798,Tuvalu,%,0,0,0,,0
1132,798,Tuvalu,%,0,0,0,0,
1133,800,Uganda,%,,0,0,0,0
1134,800,Uganda,%,0,,0,0,0
1135,800,Uganda,%,0,0,,0,0
1136,800,Uganda,%,0,0,0,,0
1137,800,Uganda,%,0,0,0,0,
1138,804,Ukraine,%,<2.5,0,0,0,0
1139,804,Ukraine,%,0,<2.5,0,0,0
1140,804,Ukraine,%,0,0,<2.5,0,0
1141,804,Ukraine,%,0,0,0,2.6,0
1142,804,Ukraine,%,0,0,0,0,2.8
1143,784,United Arab Emirates,%,6.3,0,0,0,0
1144,784,United Arab Emirates,%,0,6.4,0,0,0
1145,784,United Arab Emirates,%,0,0,6.2,0,0
1146,784,United Arab Emirates,%,0,0,0,6,0
1147,784,United Arab Emirates,%,0,0,0,0,5.6
1148,826,United Kingdom of Great Britain and Northern Ireland,%,<2.5,0,0,0,0
1149,826,United Kingdom of Great Britain and Northern Ireland,%,0,<2.5,0,0,0
1150,826,United Kingdom of Great Britain and Northern Ireland,%,0,0,<2.5,0,0
1151,826,United Kingdom of Great Britain and Northern Ireland,%,0,0,0,<2.5,0
1152,826,United Kingdom of Great Britain and Northern Ireland,%,0,0,0,0,<2.5
1153,834,United Republic of Tanzania,%,22.7,0,0,0,0
1154,834,United Republic of Tanzania,%,0,23,0,0,0
1155,834,United Republic of Tanzania,%,0,0,23.3,0,0
1156,834,United Republic of Tanzania,%,0,0,0,23.4,0
1157,834,United Republic of Tanzania,%,0,0,0,0,22.6
1158,581,United States Minor Outlying Islands,%,,0,0,0,0
1159,581,United States Minor Outlying Islands,%,0,,0,0,0
1160,581,United States Minor Outlying Islands,%,0,0,,0,0
1161,581,United States Minor Outlying Islands,%,0,0,0,,0
1162,840,United States of America,%,<2.5,0,0,0,0
1163,840,United States of America,%,0,<2.5,0,0,0
1164,840,United States of America,%,0,0,<2.5,0,0
1165,840,United States of America,%,0,0,0,<2.5,0
1166,840,United States of America,%,0,0,0,0,<2.5
1167,850,United States Virgin Islands,%,,0,0,0,0
1168,850,United States Virgin Islands,%,0,,0,0,0
1169,850,United States Virgin Islands,%,0,0,,0,0
1170,850,United States Virgin Islands,%,0,0,0,,0
1171,850,United States Virgin Islands,%,0,0,0,0,
1172,858,Uruguay,%,<2.5,0,0,0,0
1173,858,Uruguay,%,0,<2.5,0,0,0
1174,858,Uruguay,%,0,0,<2.5,0,0
1175,858,Uruguay,%,0,0,0,<2.5,0
1176,858,Uruguay,%,0,0,0,0,<2.5
1177,860,Uzbekistan,%,<2.5,0,0,0,0
1178,860,Uzbekistan,%,0,<2.5,0,0,0
1179,860,Uzbekistan,%,0,0,<2.5,0,0
1180,860,Uzbekistan,%,0,0,0,<2.5,0
1181,860,Uzbekistan,%,0,0,0,0,<2.5
1182,548,Vanuatu,%,11.2,0,0,0,0
1183,548,Vanuatu,%,0,12.3,0,0,0
1184,548,Vanuatu,%,0,0,12.6,0,0
1185,548,Vanuatu,%,0,0,0,12.4,0
1186,548,Vanuatu,%,0,0,0,0,11.9
1187,862,Venezuela (Bolivarian Republic of),%,16.4,0,0,0,0
1188,862,Venezuela (Bolivarian Republic of),%,0,22.2,0,0,0
1189,862,Venezuela (Bolivarian Republic of),%,0,0,22.7,0,0
1190,862,Venezuela (Bolivarian Republic of),%,0,0,0,24.9,0
1191,862,Venezuela (Bolivarian Republic of),%,0,0,0,0,22.9
1192,704,Viet Nam,%,7.8,0,0,0,0
1193,704,Viet Nam,%,0,7.2,0,0,0
1194,704,Viet Nam,%,0,0,6.8,0,0
1195,704,Viet Nam,%,0,0,0,6.2,0
1196,704,Viet Nam,%,0,0,0,0,5.7
1197,876,Wallis and Futuna Islands,%,,0,0,0,0
1198,876,Wallis and Futuna Islands,%,0,,0,0,0
1199,876,Wallis and Futuna Islands,%,0,0,,0,0
1200,876,Wallis and Futuna Islands,%,0,0,0,,0
1201,876,Wallis and Futuna Islands,%,0,0,0,0,
1202,732,Western Sahara,%,,0,0,0,0
1203,732,Western Sahara,%,0,,0,0,0
1204,732,Western Sahara,%,0,0,,0,0
1205,732,Western Sahara,%,0,0,0,,0
1206,732,Western Sahara,%,0,0,0,0,
1207,887,Yemen,%,46.1,0,0,0,0
1208,887,Yemen,%,0,46.6,0,0,0
1209,887,Yemen,%,0,0,44.7,0,0
1210,887,Yemen,%,0,0,0,42.8,0
1211,887,Yemen,%,0,0,0,0,41.4
1212,894,Zambia,%,,0,0,0,0
1213,894,Zambia,%,0,,0,0,0
1214,894,Zambia,%,0,0,,0,0
1215,894,Zambia,%,0,0,0,,0
1216,894,Zambia,%,0,0,0,0,
1217,716,Zimbabwe,%,,0,0,0,0
1218,716,Zimbabwe,%,0,,0,0,0
1219,716,Zimbabwe,%,0,0,,0,0
1220,716,Zimbabwe,%,0,0,0,,0
1221,716,Zimbabwe,%,0,0,0,0,
