Domain Code,Domain,Area Code (M49),Area,Element Code,Element,Item Code,Item,Year Code,Year,Unit,Value,Flag,Flag Description,Note
"IG","Government Expenditure","004","Afghanistan","6110","Value US$","23130","Total Expenditure (General Government)","2016","2016","millions","9299.08934","X","Figure from international organizations","Consolidated General Government Expenditure"
"IG","Government Expenditure","004","Afghanistan","6110","Value US$","23130","Total Expenditure (General Government)","2017","2017","millions","9095.510866","X","Figure from international organizations","Consolidated General Government Expenditure"
"IG","Government Expenditure","008","Albania","6110","Value US$","23130","Total Expenditure (General Government)","2016","2016","millions","3428.258517","A","Official figure","Consolidated General Government Expenditure"
"IG","Government Expenditure","008","Albania","6110","Value US$","23130","Total Expenditure (General Government)","2017","2017","millions","3805.99134","A","Official figure","Consolidated General Government Expenditure"
"IG","Government Expenditure","008","Albania","6110","Value US$","23130","Total Expenditure (General Government)","2018","2018","millions","4355.901378","A","Official figure","Consolidated General Government Expenditure"
"IG","Government Expenditure","008","Albania","6110","Value US$","23130","Total Expenditure (General Government)","2019","2019","millions","4446.43145","A","Official figure","Consolidated General Government Expenditure"
"IG","Government Expenditure","008","Albania","6110","Value US$","23130","Total Expenditure (General Government)","2020","2020","millions","4907.063967","A","Official figure","Consolidated General Government Expenditure"
"IG","Government Expenditure","024","Angola","6110","Value US$","23130","Total Expenditure (General Government)","2016","2016","millions","32870.633555","A","Official figure","Consolidated General Government Expenditure"
"IG","Government Expenditure","024","Angola","6110","Value US$","23130","Total Expenditure (General Government)","2017","2017","millions","41011.563995","A","Official figure","Consolidated General Government Expenditure"
"IG","Government Expenditure","024","Angola","6110","Value US$","23130","Total Expenditure (General Government)","2018","2018","millions","35813.580796","A","Official figure","Consolidated General Government Expenditure"
"IG","Government Expenditure","024","Angola","6110","Value US$","23130","Total Expenditure (General Government)","2019","2019","millions","28030.781273","A","Official figure","Consolidated General Government Expenditure"
"IG","Government Expenditure","024","Angola","6110","Value US$","23130","Total Expenditure (General Government)","2020","2020","millions","23129.789557","A","Official figure","Consolidated General Government Expenditure"
"IG","Government Expenditure","028","Antigua and Barbuda","6110","Value US$","23130","Total Expenditure (General Government)","2016","2016","millions","540.72864","A","Official figure","Consolidated General Government Expenditure"
"IG","Government Expenditure","028","Antigua and Barbuda","6110","Value US$","23130","Total Expenditure (General Government)","2017","2017","millions","526.81455","A","Official figure","Consolidated General Government Expenditure"
"IG","Government Expenditure","028","Antigua and Barbuda","6110","Value US$","23130","Total Expenditure (General Government)","2018","2018","millions","547.753102","A","Official figure","Consolidated General Government Expenditure"
"IG","Government Expenditure","028","Antigua and Barbuda","6110","Value US$","23130","Total Expenditure (General Government)","2019","2019","millions","496.371151","A","Official figure","Consolidated General Government Expenditure"
"IG","Government Expenditure","028","Antigua and Barbuda","6110","Value US$","23130","Total Expenditure (General Government)","2020","2020","millions","498.695844","X","Figure from international organizations","Consolidated General Government Expenditure"
"IG","Government Expenditure","051","Armenia","6110","Value US$","23130","Total Expenditure (General Government)","2016","2016","millions","3091.129062","A","Official figure","Consolidated General Government Expenditure"
"IG","Government Expenditure","051","Armenia","6110","Value US$","23130","Total Expenditure (General Government)","2017","2017","millions","3193.61435","A","Official figure","Consolidated General Government Expenditure"
"IG","Government Expenditure","051","Armenia","6110","Value US$","23130","Total Expenditure (General Government)","2018","2018","millions","3065.825802","A","Official figure","Consolidated General Government Expenditure"
"IG","Government Expenditure","051","Armenia","6110","Value US$","23130","Total Expenditure (General Government)","2019","2019","millions","3470.303013","A","Official figure","Consolidated General Government Expenditure"
"IG","Government Expenditure","051","Armenia","6110","Value US$","23130","Total Expenditure (General Government)","2020","2020","millions","3936.329393","A","Official figure","Consolidated General Government Expenditure"
"IG","Government Expenditure","036","Australia","6110","Value US$","23130","Total Expenditure (General Government)","2016","2016","millions","462142.834591","A","Official figure","Consolidated General Government Expenditure"
"IG","Government Expenditure","036","Australia","6110","Value US$","23130","Total Expenditure (General Government)","2017","2017","millions","496621.566421","A","Official figure","Consolidated General Government Expenditure"
"IG","Government Expenditure","036","Australia","6110","Value US$","23130","Total Expenditure (General Government)","2018","2018","millions","508683.368965","A","Official figure","Consolidated General Government Expenditure"
"IG","Government Expenditure","036","Australia","6110","Value US$","23130","Total Expenditure (General Government)","2019","2019","millions","499985.212441","A","Official figure","Consolidated General Government Expenditure"
"IG","Government Expenditure","036","Australia","6110","Value US$","23130","Total Expenditure (General Government)","2020","2020","millions","575160.387421","A","Official figure","Consolidated General Government Expenditure"
"IG","Government Expenditure","040","Austria","6110","Value US$","23130","Total Expenditure (General Government)","2016","2016","millions","197831.173215","A","Official figure","Consolidated General Government Expenditure"
"IG","Government Expenditure","040","Austria","6110","Value US$","23130","Total Expenditure (General Government)","2017","2017","millions","205500.393249","A","Official figure","Consolidated General Government Expenditure"
"IG","Government Expenditure","040","Austria","6110","Value US$","23130","Total Expenditure (General Government)","2018","2018","millions","221412.437253","A","Official figure","Consolidated General Government Expenditure"
"IG","Government Expenditure","040","Austria","6110","Value US$","23130","Total Expenditure (General Government)","2019","2019","millions","215282.806963","A","Official figure","Consolidated General Government Expenditure"
"IG","Government Expenditure","031","Azerbaijan","6110","Value US$","23130","Total Expenditure (General Government)","2016","2016","millions","12412.835256","A","Official figure","Consolidated General Government Expenditure"
"IG","Government Expenditure","031","Azerbaijan","6110","Value US$","23130","Total Expenditure (General Government)","2017","2017","millions","13682.986546","A","Official figure","Consolidated General Government Expenditure"
"IG","Government Expenditure","031","Azerbaijan","6110","Value US$","23130","Total Expenditure (General Government)","2018","2018","millions","14256.27023","A","Official figure","Consolidated General Government Expenditure"
"IG","Government Expenditure","031","Azerbaijan","6110","Value US$","23130","Total Expenditure (General Government)","2019","2019","millions","15605.447059","A","Official figure","Consolidated General Government Expenditure"
"IG","Government Expenditure","031","Azerbaijan","6110","Value US$","23130","Total Expenditure (General Government)","2020","2020","millions","17152.958824","A","Official figure","Consolidated General Government Expenditure"
"IG","Government Expenditure","044","Bahamas","6110","Value US$","23130","Total Expenditure (General Government)","2016","2016","millions","2326.064928","A","Official figure","Consolidated General Government Expenditure"
"IG","Government Expenditure","112","Belarus","6110","Value US$","23130","Total Expenditure (General Government)","2016","2016","millions","19309.273307","X","Figure from international organizations","Consolidated General Government Expenditure"
"IG","Government Expenditure","112","Belarus","6110","Value US$","23130","Total Expenditure (General Government)","2017","2017","millions","22651.628975","X","Figure from international organizations","Consolidated General Government Expenditure"
"IG","Government Expenditure","112","Belarus","6110","Value US$","23130","Total Expenditure (General Government)","2018","2018","millions","24354.095195","X","Figure from international organizations","Consolidated General Government Expenditure"
"IG","Government Expenditure","112","Belarus","6110","Value US$","23130","Total Expenditure (General Government)","2019","2019","millions","26216.534682","X","Figure from international organizations","Consolidated General Government Expenditure"
"IG","Government Expenditure","056","Belgium","6110","Value US$","23130","Total Expenditure (General Government)","2016","2016","millions","252702.151498","A","Official figure","Consolidated General Government Expenditure"
"IG","Government Expenditure","056","Belgium","6110","Value US$","23130","Total Expenditure (General Government)","2017","2017","millions","261558.072647","A","Official figure","Consolidated General Government Expenditure"
"IG","Government Expenditure","056","Belgium","6110","Value US$","23130","Total Expenditure (General Government)","2018","2018","millions","283612.456684","A","Official figure","Consolidated General Government Expenditure"
"IG","Government Expenditure","056","Belgium","6110","Value US$","23130","Total Expenditure (General Government)","2019","2019","millions","277492.538981","A","Official figure","Consolidated General Government Expenditure"
"IG","Government Expenditure","070","Bosnia and Herzegovina","6110","Value US$","23130","Total Expenditure (General Government)","2016","2016","millions","7011.061913","X","Figure from international organizations","Consolidated General Government Expenditure"
"IG","Government Expenditure","070","Bosnia and Herzegovina","6110","Value US$","23130","Total Expenditure (General Government)","2017","2017","millions","7239.606305","X","Figure from international organizations","Consolidated General Government Expenditure"
"IG","Government Expenditure","072","Botswana","6110","Value US$","23130","Total Expenditure (General Government)","2016","2016","millions","4991.320855","A","Official figure","Consolidated General Government Expenditure"
"IG","Government Expenditure","072","Botswana","6110","Value US$","23130","Total Expenditure (General Government)","2017","2017","millions","5438.539773","A","Official figure","Consolidated General Government Expenditure"
"IG","Government Expenditure","072","Botswana","6110","Value US$","23130","Total Expenditure (General Government)","2018","2018","millions","5724.812071","A","Official figure","Consolidated General Government Expenditure"
"IG","Government Expenditure","072","Botswana","6110","Value US$","23130","Total Expenditure (General Government)","2019","2019","millions","5796.893167","A","Official figure","Consolidated General Government Expenditure"
"IG","Government Expenditure","072","Botswana","6110","Value US$","23130","Total Expenditure (General Government)","2020","2020","millions","5708.690676","A","Official figure","Consolidated General Government Expenditure"
"IG","Government Expenditure","076","Brazil","6110","Value US$","23130","Total Expenditure (General Government)","2016","2016","millions","872233.221669","A","Official figure","Consolidated General Government Expenditure"
"IG","Government Expenditure","076","Brazil","6110","Value US$","23130","Total Expenditure (General Government)","2017","2017","millions","993512.601941","A","Official figure","Consolidated General Government Expenditure"
"IG","Government Expenditure","076","Brazil","6110","Value US$","23130","Total Expenditure (General Government)","2018","2018","millions","908668.474364","A","Official figure","Consolidated General Government Expenditure"
"IG","Government Expenditure","076","Brazil","6110","Value US$","23130","Total Expenditure (General Government)","2019","2019","millions","878170.774107","A","Official figure","Consolidated General Government Expenditure"
"IG","Government Expenditure","076","Brazil","6110","Value US$","23130","Total Expenditure (General Government)","2020","2020","millions","720955.320642","A","Official figure","Consolidated General Government Expenditure"
"IG","Government Expenditure","100","Bulgaria","6110","Value US$","23130","Total Expenditure (General Government)","2016","2016","millions","18026.008999","A","Official figure","Consolidated General Government Expenditure"
"IG","Government Expenditure","100","Bulgaria","6110","Value US$","23130","Total Expenditure (General Government)","2017","2017","millions","19673.098657","A","Official figure","Consolidated General Government Expenditure"
"IG","Government Expenditure","100","Bulgaria","6110","Value US$","23130","Total Expenditure (General Government)","2018","2018","millions","23607.346622","A","Official figure","Consolidated General Government Expenditure"
"IG","Government Expenditure","100","Bulgaria","6110","Value US$","23130","Total Expenditure (General Government)","2019","2019","millions","25675.512409","A","Official figure","Consolidated General Government Expenditure"
"IG","Government Expenditure","100","Bulgaria","6110","Value US$","23130","Total Expenditure (General Government)","2020","2020","millions","27920.271709","A","Official figure","Consolidated General Government Expenditure"
"IG","Government Expenditure","132","Cabo Verde","6110","Value US$","23130","Total Expenditure (General Government)","2016","2016","millions","593.148673","X","Figure from international organizations","Consolidated General Government Expenditure"
"IG","Government Expenditure","124","Canada","6110","Value US$","23130","Total Expenditure (General Government)","2016","2016","millions","563122.063227","A","Official figure","Consolidated General Government Expenditure"
"IG","Government Expenditure","124","Canada","6110","Value US$","23130","Total Expenditure (General Government)","2017","2017","millions","603654.373561","A","Official figure","Consolidated General Government Expenditure"
"IG","Government Expenditure","124","Canada","6110","Value US$","23130","Total Expenditure (General Government)","2018","2018","millions","636151.942001","A","Official figure","Consolidated General Government Expenditure"
"IG","Government Expenditure","124","Canada","6110","Value US$","23130","Total Expenditure (General Government)","2019","2019","millions","652212.282489","A","Official figure","Consolidated General Government Expenditure"
"IG","Government Expenditure","152","Chile","6110","Value US$","23130","Total Expenditure (General Government)","2016","2016","millions","63313.608374","A","Official figure","Consolidated General Government Expenditure"
"IG","Government Expenditure","152","Chile","6110","Value US$","23130","Total Expenditure (General Government)","2017","2017","millions","70461.037205","A","Official figure","Consolidated General Government Expenditure"
"IG","Government Expenditure","152","Chile","6110","Value US$","23130","Total Expenditure (General Government)","2018","2018","millions","75708.655585","A","Official figure","Consolidated General Government Expenditure"
"IG","Government Expenditure","152","Chile","6110","Value US$","23130","Total Expenditure (General Government)","2019","2019","millions","73761.467696","A","Official figure","Consolidated General Government Expenditure"
"IG","Government Expenditure","152","Chile","6110","Value US$","23130","Total Expenditure (General Government)","2020","2020","millions","73894.362894","A","Official figure","Consolidated General Government Expenditure"
"IG","Government Expenditure","156","China, mainland","6110","Value US$","23130","Total Expenditure (General Government)","2016","2016","millions","2825733.10999","A","Official figure","Consolidated General Government Expenditure"
"IG","Government Expenditure","156","China, mainland","6110","Value US$","23130","Total Expenditure (General Government)","2017","2017","millions","3004776.581129","A","Official figure","Consolidated General Government Expenditure"
"IG","Government Expenditure","156","China, mainland","6110","Value US$","23130","Total Expenditure (General Government)","2018","2018","millions","3338959.489762","A","Official figure","Consolidated General Government Expenditure"
"IG","Government Expenditure","156","China, mainland","6110","Value US$","23130","Total Expenditure (General Government)","2019","2019","millions","3457740.407551","A","Official figure","Consolidated General Government Expenditure"
"IG","Government Expenditure","170","Colombia","6110","Value US$","23130","Total Expenditure (General Government)","2016","2016","millions","87829.998186","A","Official figure","Consolidated General Government Expenditure"
"IG","Government Expenditure","170","Colombia","6110","Value US$","23130","Total Expenditure (General Government)","2017","2017","millions","98297.429083","A","Official figure","Consolidated General Government Expenditure"
"IG","Government Expenditure","170","Colombia","6110","Value US$","23130","Total Expenditure (General Government)","2018","2018","millions","103558.98463","A","Official figure","Consolidated General Government Expenditure"
"IG","Government Expenditure","170","Colombia","6110","Value US$","23130","Total Expenditure (General Government)","2019","2019","millions","102080.58336","A","Official figure","Consolidated General Government Expenditure"
"IG","Government Expenditure","178","Congo","6110","Value US$","23130","Total Expenditure (General Government)","2016","2016","millions","2777.184766","X","Figure from international organizations","Consolidated General Government Expenditure"
"IG","Government Expenditure","184","Cook Islands","6110","Value US$","23130","Total Expenditure (General Government)","2016","2016","millions","117.136145","A","Official figure","Consolidated General Government Expenditure"
"IG","Government Expenditure","184","Cook Islands","6110","Value US$","23130","Total Expenditure (General Government)","2017","2017","millions","103.913695","A","Official figure","Consolidated General Government Expenditure"
"IG","Government Expenditure","184","Cook Islands","6110","Value US$","23130","Total Expenditure (General Government)","2018","2018","millions","143.429721","A","Official figure","Consolidated General Government Expenditure"
"IG","Government Expenditure","184","Cook Islands","6110","Value US$","23130","Total Expenditure (General Government)","2019","2019","millions","133.051141","A","Official figure","Consolidated General Government Expenditure"
"IG","Government Expenditure","188","Costa Rica","6110","Value US$","23130","Total Expenditure (General Government)","2016","2016","millions","17706.471353","A","Official figure","Consolidated General Government Expenditure"
"IG","Government Expenditure","188","Costa Rica","6110","Value US$","23130","Total Expenditure (General Government)","2017","2017","millions","17067.719267","A","Official figure","Consolidated General Government Expenditure"
"IG","Government Expenditure","188","Costa Rica","6110","Value US$","23130","Total Expenditure (General Government)","2018","2018","millions","19180.555196","A","Official figure","Consolidated General Government Expenditure"
"IG","Government Expenditure","188","Costa Rica","6110","Value US$","23130","Total Expenditure (General Government)","2019","2019","millions","20494.449563","A","Official figure","Consolidated General Government Expenditure"
"IG","Government Expenditure","188","Costa Rica","6110","Value US$","23130","Total Expenditure (General Government)","2020","2020","millions","20922.262899","A","Official figure","Consolidated General Government Expenditure"
"IG","Government Expenditure","191","Croatia","6110","Value US$","23130","Total Expenditure (General Government)","2016","2016","millions","24489.342169","X","Figure from international organizations","Consolidated General Government Expenditure"
"IG","Government Expenditure","191","Croatia","6110","Value US$","23130","Total Expenditure (General Government)","2017","2017","millions","25106.683579","X","Figure from international organizations","Consolidated General Government Expenditure"
"IG","Government Expenditure","191","Croatia","6110","Value US$","23130","Total Expenditure (General Government)","2018","2018","millions","28259.200104","X","Figure from international organizations","Consolidated General Government Expenditure"
"IG","Government Expenditure","191","Croatia","6110","Value US$","23130","Total Expenditure (General Government)","2019","2019","millions","28527.746544","X","Figure from international organizations","Consolidated General Government Expenditure"
"IG","Government Expenditure","196","Cyprus","6110","Value US$","23130","Total Expenditure (General Government)","2016","2016","millions","7842.062527","A","Official figure","Consolidated General Government Expenditure"
"IG","Government Expenditure","196","Cyprus","6110","Value US$","23130","Total Expenditure (General Government)","2017","2017","millions","8355.009016","A","Official figure","Consolidated General Government Expenditure"
"IG","Government Expenditure","196","Cyprus","6110","Value US$","23130","Total Expenditure (General Government)","2018","2018","millions","10896.431072","A","Official figure","Consolidated General Government Expenditure"
"IG","Government Expenditure","196","Cyprus","6110","Value US$","23130","Total Expenditure (General Government)","2019","2019","millions","9980.003308","A","Official figure","Consolidated General Government Expenditure"
"IG","Government Expenditure","203","Czechia","6110","Value US$","23130","Total Expenditure (General Government)","2016","2016","millions","69102.076853","A","Official figure","Consolidated General Government Expenditure"
"IG","Government Expenditure","203","Czechia","6110","Value US$","23130","Total Expenditure (General Government)","2017","2017","millions","77007.971036","A","Official figure","Consolidated General Government Expenditure"
"IG","Government Expenditure","203","Czechia","6110","Value US$","23130","Total Expenditure (General Government)","2018","2018","millions","99578.798799","A","Official figure","Consolidated General Government Expenditure"
"IG","Government Expenditure","203","Czechia","6110","Value US$","23130","Total Expenditure (General Government)","2019","2019","millions","93428.158598","A","Official figure","Consolidated General Government Expenditure"
"IG","Government Expenditure","203","Czechia","6110","Value US$","23130","Total Expenditure (General Government)","2020","2020","millions","104491.541453","A","Official figure","Consolidated General Government Expenditure"
"IG","Government Expenditure","208","Denmark","6110","Value US$","23130","Total Expenditure (General Government)","2016","2016","millions","164307.084428","A","Official figure","Consolidated General Government Expenditure"
"IG","Government Expenditure","208","Denmark","6110","Value US$","23130","Total Expenditure (General Government)","2017","2017","millions","167885.640698","A","Official figure","Consolidated General Government Expenditure"
"IG","Government Expenditure","208","Denmark","6110","Value US$","23130","Total Expenditure (General Government)","2018","2018","millions","180391.412122","A","Official figure","Consolidated General Government Expenditure"
"IG","Government Expenditure","208","Denmark","6110","Value US$","23130","Total Expenditure (General Government)","2019","2019","millions","172408.307072","A","Official figure","Consolidated General Government Expenditure"
"IG","Government Expenditure","208","Denmark","6110","Value US$","23130","Total Expenditure (General Government)","2020","2020","millions","191751.067669","A","Official figure","Consolidated General Government Expenditure"
"IG","Government Expenditure","818","Egypt","6110","Value US$","23130","Total Expenditure (General Government)","2016","2016","millions","86237.350317","A","Official figure","Consolidated General Government Expenditure"
"IG","Government Expenditure","818","Egypt","6110","Value US$","23130","Total Expenditure (General Government)","2017","2017","millions","54817.498244","A","Official figure","Consolidated General Government Expenditure"
"IG","Government Expenditure","818","Egypt","6110","Value US$","23130","Total Expenditure (General Government)","2018","2018","millions","67941.592188","A","Official figure","Consolidated General Government Expenditure"
"IG","Government Expenditure","818","Egypt","6110","Value US$","23130","Total Expenditure (General Government)","2019","2019","millions","84911.782643","A","Official figure","Consolidated General Government Expenditure"
"IG","Government Expenditure","818","Egypt","6110","Value US$","23130","Total Expenditure (General Government)","2020","2020","millions","99913.809436","A","Official figure","Consolidated General Government Expenditure"
"IG","Government Expenditure","222","El Salvador","6110","Value US$","23130","Total Expenditure (General Government)","2016","2016","millions","6078.8","A","Official figure","Consolidated General Government Expenditure"
"IG","Government Expenditure","222","El Salvador","6110","Value US$","23130","Total Expenditure (General Government)","2017","2017","millions","6741.4","A","Official figure","Consolidated General Government Expenditure"
"IG","Government Expenditure","222","El Salvador","6110","Value US$","23130","Total Expenditure (General Government)","2018","2018","millions","6930.7","A","Official figure","Consolidated General Government Expenditure"
"IG","Government Expenditure","222","El Salvador","6110","Value US$","23130","Total Expenditure (General Government)","2019","2019","millions","9476.8","A","Official figure","Consolidated General Government Expenditure"
"IG","Government Expenditure","222","El Salvador","6110","Value US$","23130","Total Expenditure (General Government)","2020","2020","millions","8543.5","A","Official figure","Consolidated General Government Expenditure"
"IG","Government Expenditure","233","Estonia","6110","Value US$","23130","Total Expenditure (General Government)","2016","2016","millions","9477.618441","A","Official figure","Consolidated General Government Expenditure"
"IG","Government Expenditure","233","Estonia","6110","Value US$","23130","Total Expenditure (General Government)","2017","2017","millions","10561.276354","A","Official figure","Consolidated General Government Expenditure"
"IG","Government Expenditure","233","Estonia","6110","Value US$","23130","Total Expenditure (General Government)","2018","2018","millions","12033.57217","A","Official figure","Consolidated General Government Expenditure"
"IG","Government Expenditure","233","Estonia","6110","Value US$","23130","Total Expenditure (General Government)","2019","2019","millions","12252.312668","A","Official figure","Consolidated General Government Expenditure"
"IG","Government Expenditure","246","Finland","6110","Value US$","23130","Total Expenditure (General Government)","2016","2016","millions","133893.027219","A","Official figure","Consolidated General Government Expenditure"
"IG","Government Expenditure","246","Finland","6110","Value US$","23130","Total Expenditure (General Government)","2017","2017","millions","137115.052836","A","Official figure","Consolidated General Government Expenditure"
"IG","Government Expenditure","246","Finland","6110","Value US$","23130","Total Expenditure (General Government)","2018","2018","millions","147239.046392","A","Official figure","Consolidated General Government Expenditure"
"IG","Government Expenditure","246","Finland","6110","Value US$","23130","Total Expenditure (General Government)","2019","2019","millions","143254.675132","A","Official figure","Consolidated General Government Expenditure"
"IG","Government Expenditure","250","France","6110","Value US$","23130","Total Expenditure (General Government)","2016","2016","millions","1400869.237019","A","Official figure","Consolidated General Government Expenditure"
"IG","Government Expenditure","250","France","6110","Value US$","23130","Total Expenditure (General Government)","2017","2017","millions","1456185.019581","A","Official figure","Consolidated General Government Expenditure"
"IG","Government Expenditure","250","France","6110","Value US$","23130","Total Expenditure (General Government)","2018","2018","millions","1552489.884513","A","Official figure","Consolidated General Government Expenditure"
"IG","Government Expenditure","250","France","6110","Value US$","23130","Total Expenditure (General Government)","2019","2019","millions","1508995.665604","A","Official figure","Consolidated General Government Expenditure"
"IG","Government Expenditure","268","Georgia","6110","Value US$","23130","Total Expenditure (General Government)","2016","2016","millions","4891.442817","X","Figure from international organizations","Consolidated General Government Expenditure"
"IG","Government Expenditure","268","Georgia","6110","Value US$","23130","Total Expenditure (General Government)","2017","2017","millions","5066.06452","X","Figure from international organizations","Consolidated General Government Expenditure"
"IG","Government Expenditure","268","Georgia","6110","Value US$","23130","Total Expenditure (General Government)","2018","2018","millions","5181.817555","X","Figure from international organizations","Consolidated General Government Expenditure"
"IG","Government Expenditure","268","Georgia","6110","Value US$","23130","Total Expenditure (General Government)","2019","2019","millions","5396.95438","X","Figure from international organizations","Consolidated General Government Expenditure"
"IG","Government Expenditure","268","Georgia","6110","Value US$","23130","Total Expenditure (General Government)","2020","2020","millions","5747.283438","X","Figure from international organizations","Consolidated General Government Expenditure"
"IG","Government Expenditure","276","Germany","6110","Value US$","23130","Total Expenditure (General Government)","2016","2016","millions","1537964.57343","A","Official figure","Consolidated General Government Expenditure"
"IG","Government Expenditure","276","Germany","6110","Value US$","23130","Total Expenditure (General Government)","2017","2017","millions","1630438.341104","A","Official figure","Consolidated General Government Expenditure"
"IG","Government Expenditure","276","Germany","6110","Value US$","23130","Total Expenditure (General Government)","2018","2018","millions","1762944.244869","A","Official figure","Consolidated General Government Expenditure"
"IG","Government Expenditure","276","Germany","6110","Value US$","23130","Total Expenditure (General Government)","2019","2019","millions","1749400.577654","A","Official figure","Consolidated General Government Expenditure"
"IG","Government Expenditure","276","Germany","6110","Value US$","23130","Total Expenditure (General Government)","2020","2020","millions","1951201.568251","A","Official figure","Consolidated General Government Expenditure"
"IG","Government Expenditure","300","Greece","6110","Value US$","23130","Total Expenditure (General Government)","2016","2016","millions","95827.028527","A","Official figure","Consolidated General Government Expenditure"
"IG","Government Expenditure","300","Greece","6110","Value US$","23130","Total Expenditure (General Government)","2017","2017","millions","96817.065897","A","Official figure","Consolidated General Government Expenditure"
"IG","Government Expenditure","300","Greece","6110","Value US$","23130","Total Expenditure (General Government)","2018","2018","millions","102792.642455","A","Official figure","Consolidated General Government Expenditure"
"IG","Government Expenditure","300","Greece","6110","Value US$","23130","Total Expenditure (General Government)","2019","2019","millions","97427.866596","A","Official figure","Consolidated General Government Expenditure"
"IG","Government Expenditure","308","Grenada","6110","Value US$","23130","Total Expenditure (General Government)","2016","2016","millions","252.703704","A","Official figure","Consolidated General Government Expenditure"
"IG","Government Expenditure","308","Grenada","6110","Value US$","23130","Total Expenditure (General Government)","2017","2017","millions","262.333333","A","Official figure","Consolidated General Government Expenditure"
"IG","Government Expenditure","308","Grenada","6110","Value US$","23130","Total Expenditure (General Government)","2018","2018","millions","264.259259","A","Official figure","Consolidated General Government Expenditure"
"IG","Government Expenditure","308","Grenada","6110","Value US$","23130","Total Expenditure (General Government)","2019","2019","millions","264.888889","A","Official figure","Consolidated General Government Expenditure"
"IG","Government Expenditure","308","Grenada","6110","Value US$","23130","Total Expenditure (General Government)","2020","2020","millions","318.148148","A","Official figure","Consolidated General Government Expenditure"
"IG","Government Expenditure","320","Guatemala","6110","Value US$","23130","Total Expenditure (General Government)","2016","2016","millions","10035.321663","A","Official figure","Consolidated General Government Expenditure"
"IG","Government Expenditure","320","Guatemala","6110","Value US$","23130","Total Expenditure (General Government)","2017","2017","millions","11117.823395","A","Official figure","Consolidated General Government Expenditure"
"IG","Government Expenditure","320","Guatemala","6110","Value US$","23130","Total Expenditure (General Government)","2018","2018","millions","11823.514689","A","Official figure","Consolidated General Government Expenditure"
"IG","Government Expenditure","320","Guatemala","6110","Value US$","23130","Total Expenditure (General Government)","2019","2019","millions","12929.332578","A","Official figure","Consolidated General Government Expenditure"
"IG","Government Expenditure","320","Guatemala","6110","Value US$","23130","Total Expenditure (General Government)","2020","2020","millions","13948.344124","A","Official figure","Consolidated General Government Expenditure"
"IG","Government Expenditure","348","Hungary","6110","Value US$","23130","Total Expenditure (General Government)","2016","2016","millions","60185.835403","A","Official figure","Consolidated General Government Expenditure"
"IG","Government Expenditure","348","Hungary","6110","Value US$","23130","Total Expenditure (General Government)","2017","2017","millions","66472.409822","A","Official figure","Consolidated General Government Expenditure"
"IG","Government Expenditure","348","Hungary","6110","Value US$","23130","Total Expenditure (General Government)","2018","2018","millions","73616.07381","A","Official figure","Consolidated General Government Expenditure"
"IG","Government Expenditure","348","Hungary","6110","Value US$","23130","Total Expenditure (General Government)","2019","2019","millions","74493.67646","A","Official figure","Consolidated General Government Expenditure"
"IG","Government Expenditure","352","Iceland","6110","Value US$","23130","Total Expenditure (General Government)","2016","2016","millions","9187.248384","A","Official figure","Consolidated General Government Expenditure"
"IG","Government Expenditure","352","Iceland","6110","Value US$","23130","Total Expenditure (General Government)","2017","2017","millions","10601.050517","A","Official figure","Consolidated General Government Expenditure"
"IG","Government Expenditure","352","Iceland","6110","Value US$","23130","Total Expenditure (General Government)","2018","2018","millions","10878.790231","A","Official figure","Consolidated General Government Expenditure"
"IG","Government Expenditure","352","Iceland","6110","Value US$","23130","Total Expenditure (General Government)","2019","2019","millions","10244.382404","X","Figure from international organizations","Consolidated General Government Expenditure"
"IG","Government Expenditure","356","India","6110","Value US$","23130","Total Expenditure (General Government)","2016","2016","millions","510118.240404","A","Official figure","Consolidated General Government Expenditure"
"IG","Government Expenditure","356","India","6110","Value US$","23130","Total Expenditure (General Government)","2017","2017","millions","593750.086209","A","Official figure","Consolidated General Government Expenditure"
"IG","Government Expenditure","356","India","6110","Value US$","23130","Total Expenditure (General Government)","2018","2018","millions","617540.917796","A","Official figure","Consolidated General Government Expenditure"
"IG","Government Expenditure","356","India","6110","Value US$","23130","Total Expenditure (General Government)","2019","2019","millions","712529.935023","A","Official figure","Consolidated General Government Expenditure"
"IG","Government Expenditure","360","Indonesia","6110","Value US$","23130","Total Expenditure (General Government)","2016","2016","millions","157866.479433","A","Official figure","Consolidated General Government Expenditure"
"IG","Government Expenditure","360","Indonesia","6110","Value US$","23130","Total Expenditure (General Government)","2017","2017","millions","169401.709456","A","Official figure","Consolidated General Government Expenditure"
"IG","Government Expenditure","360","Indonesia","6110","Value US$","23130","Total Expenditure (General Government)","2018","2018","millions","171997.818895","A","Official figure","Consolidated General Government Expenditure"
"IG","Government Expenditure","360","Indonesia","6110","Value US$","23130","Total Expenditure (General Government)","2019","2019","millions","183152.090754","A","Official figure","Consolidated General Government Expenditure"
"IG","Government Expenditure","360","Indonesia","6110","Value US$","23130","Total Expenditure (General Government)","2020","2020","millions","222937.220156","A","Official figure","Consolidated General Government Expenditure"
"IG","Government Expenditure","372","Ireland","6110","Value US$","23130","Total Expenditure (General Government)","2016","2016","millions","84620.605583","A","Official figure","Consolidated General Government Expenditure"
"IG","Government Expenditure","372","Ireland","6110","Value US$","23130","Total Expenditure (General Government)","2017","2017","millions","89164.605605","A","Official figure","Consolidated General Government Expenditure"
"IG","Government Expenditure","372","Ireland","6110","Value US$","23130","Total Expenditure (General Government)","2018","2018","millions","98948.635526","A","Official figure","Consolidated General Government Expenditure"
"IG","Government Expenditure","372","Ireland","6110","Value US$","23130","Total Expenditure (General Government)","2019","2019","millions","97713.332596","A","Official figure","Consolidated General Government Expenditure"
"IG","Government Expenditure","376","Israel","6110","Value US$","23130","Total Expenditure (General Government)","2016","2016","millions","121019.831188","A","Official figure","Consolidated General Government Expenditure"
"IG","Government Expenditure","376","Israel","6110","Value US$","23130","Total Expenditure (General Government)","2017","2017","millions","137075.936481","A","Official figure","Consolidated General Government Expenditure"
"IG","Government Expenditure","376","Israel","6110","Value US$","23130","Total Expenditure (General Government)","2018","2018","millions","147141.92657","A","Official figure","Consolidated General Government Expenditure"
"IG","Government Expenditure","376","Israel","6110","Value US$","23130","Total Expenditure (General Government)","2019","2019","millions","154926.881638","A","Official figure","Consolidated General Government Expenditure"
"IG","Government Expenditure","376","Israel","6110","Value US$","23130","Total Expenditure (General Government)","2020","2020","millions","185504.785995","A","Official figure","Consolidated General Government Expenditure"
"IG","Government Expenditure","380","Italy","6110","Value US$","23130","Total Expenditure (General Government)","2016","2016","millions","920611.350403","A","Official figure","Consolidated General Government Expenditure"
"IG","Government Expenditure","380","Italy","6110","Value US$","23130","Total Expenditure (General Government)","2017","2017","millions","956621.928295","A","Official figure","Consolidated General Government Expenditure"
"IG","Government Expenditure","380","Italy","6110","Value US$","23130","Total Expenditure (General Government)","2018","2018","millions","1012279.958252","A","Official figure","Consolidated General Government Expenditure"
"IG","Government Expenditure","380","Italy","6110","Value US$","23130","Total Expenditure (General Government)","2019","2019","millions","974592.118819","A","Official figure","Consolidated General Government Expenditure"
"IG","Government Expenditure","392","Japan","6110","Value US$","23130","Total Expenditure (General Government)","2016","2016","millions","1911411.496604","A","Official figure","Consolidated General Government Expenditure"
"IG","Government Expenditure","392","Japan","6110","Value US$","23130","Total Expenditure (General Government)","2017","2017","millions","1868504.148798","A","Official figure","Consolidated General Government Expenditure"
"IG","Government Expenditure","392","Japan","6110","Value US$","23130","Total Expenditure (General Government)","2018","2018","millions","1907290.673345","A","Official figure","Consolidated General Government Expenditure"
"IG","Government Expenditure","392","Japan","6110","Value US$","23130","Total Expenditure (General Government)","2019","2019","millions","1967251.236204","A","Official figure","Consolidated General Government Expenditure"
"IG","Government Expenditure","400","Jordan","6110","Value US$","23130","Total Expenditure (General Government)","2016","2016","millions","12035.656913","A","Official figure","Consolidated General Government Expenditure"
"IG","Government Expenditure","398","Kazakhstan","6110","Value US$","23130","Total Expenditure (General Government)","2016","2016","millions","28079.61429","X","Figure from international organizations","Consolidated General Government Expenditure"
"IG","Government Expenditure","398","Kazakhstan","6110","Value US$","23130","Total Expenditure (General Government)","2017","2017","millions","38160.578241","X","Figure from international organizations","Consolidated General Government Expenditure"
"IG","Government Expenditure","398","Kazakhstan","6110","Value US$","23130","Total Expenditure (General Government)","2018","2018","millions","32597.928871","X","Figure from international organizations","Consolidated General Government Expenditure"
"IG","Government Expenditure","398","Kazakhstan","6110","Value US$","23130","Total Expenditure (General Government)","2019","2019","millions","35498.749324","X","Figure from international organizations","Consolidated General Government Expenditure"
"IG","Government Expenditure","296","Kiribati","6110","Value US$","23130","Total Expenditure (General Government)","2016","2016","millions","139.661156","X","Figure from international organizations","Consolidated General Government Expenditure"
"IG","Government Expenditure","296","Kiribati","6110","Value US$","23130","Total Expenditure (General Government)","2017","2017","millions","162.124067","X","Figure from international organizations","Consolidated General Government Expenditure"
"IG","Government Expenditure","296","Kiribati","6110","Value US$","23130","Total Expenditure (General Government)","2018","2018","millions","155.524497","X","Figure from international organizations","Consolidated General Government Expenditure"
"IG","Government Expenditure","296","Kiribati","6110","Value US$","23130","Total Expenditure (General Government)","2019","2019","millions","198.079269","X","Figure from international organizations","Consolidated General Government Expenditure"
"IG","Government Expenditure","414","Kuwait","6110","Value US$","23130","Total Expenditure (General Government)","2016","2016","millions","53167.061807","A","Official figure","Consolidated General Government Expenditure"
"IG","Government Expenditure","414","Kuwait","6110","Value US$","23130","Total Expenditure (General Government)","2017","2017","millions","67201.965594","A","Official figure","Consolidated General Government Expenditure"
"IG","Government Expenditure","414","Kuwait","6110","Value US$","23130","Total Expenditure (General Government)","2018","2018","millions","73231.741789","A","Official figure","Consolidated General Government Expenditure"
"IG","Government Expenditure","414","Kuwait","6110","Value US$","23130","Total Expenditure (General Government)","2019","2019","millions","79013.893175","A","Official figure","Consolidated General Government Expenditure"
"IG","Government Expenditure","414","Kuwait","6110","Value US$","23130","Total Expenditure (General Government)","2020","2020","millions","74055.346632","A","Official figure","Consolidated General Government Expenditure"
"IG","Government Expenditure","417","Kyrgyzstan","6110","Value US$","23130","Total Expenditure (General Government)","2016","2016","millions","2511.842187","A","Official figure","Consolidated General Government Expenditure"
"IG","Government Expenditure","417","Kyrgyzstan","6110","Value US$","23130","Total Expenditure (General Government)","2017","2017","millions","2759.17154","A","Official figure","Consolidated General Government Expenditure"
"IG","Government Expenditure","417","Kyrgyzstan","6110","Value US$","23130","Total Expenditure (General Government)","2018","2018","millions","2705.517829","A","Official figure","Consolidated General Government Expenditure"
"IG","Government Expenditure","417","Kyrgyzstan","6110","Value US$","23130","Total Expenditure (General Government)","2019","2019","millions","2836.392692","A","Official figure","Consolidated General Government Expenditure"
"IG","Government Expenditure","417","Kyrgyzstan","6110","Value US$","23130","Total Expenditure (General Government)","2020","2020","millions","2222.140118","A","Official figure","Consolidated General Government Expenditure"
"IG","Government Expenditure","418","Lao People's Democratic Republic","6110","Value US$","23130","Total Expenditure (General Government)","2016","2016","millions","3905.728324","A","Official figure","Consolidated General Government Expenditure"
"IG","Government Expenditure","418","Lao People's Democratic Republic","6110","Value US$","23130","Total Expenditure (General Government)","2017","2017","millions","3929.971651","A","Official figure","Consolidated General Government Expenditure"
"IG","Government Expenditure","418","Lao People's Democratic Republic","6110","Value US$","23130","Total Expenditure (General Government)","2018","2018","millions","3905.261832","A","Official figure","Consolidated General Government Expenditure"
"IG","Government Expenditure","418","Lao People's Democratic Republic","6110","Value US$","23130","Total Expenditure (General Government)","2019","2019","millions","3528.313929","A","Official figure","Consolidated General Government Expenditure"
"IG","Government Expenditure","418","Lao People's Democratic Republic","6110","Value US$","23130","Total Expenditure (General Government)","2020","2020","millions","3652.860382","A","Official figure","Consolidated General Government Expenditure"
"IG","Government Expenditure","428","Latvia","6110","Value US$","23130","Total Expenditure (General Government)","2016","2016","millions","10485.422199","A","Official figure","Consolidated General Government Expenditure"
"IG","Government Expenditure","428","Latvia","6110","Value US$","23130","Total Expenditure (General Government)","2017","2017","millions","11793.046819","A","Official figure","Consolidated General Government Expenditure"
"IG","Government Expenditure","428","Latvia","6110","Value US$","23130","Total Expenditure (General Government)","2018","2018","millions","13546.752803","A","Official figure","Consolidated General Government Expenditure"
"IG","Government Expenditure","428","Latvia","6110","Value US$","23130","Total Expenditure (General Government)","2019","2019","millions","13093.977264","A","Official figure","Consolidated General Government Expenditure"
"IG","Government Expenditure","440","Lithuania","6110","Value US$","23130","Total Expenditure (General Government)","2016","2016","millions","14705.748212","A","Official figure","Consolidated General Government Expenditure"
"IG","Government Expenditure","440","Lithuania","6110","Value US$","23130","Total Expenditure (General Government)","2017","2017","millions","15838.588936","A","Official figure","Consolidated General Government Expenditure"
"IG","Government Expenditure","440","Lithuania","6110","Value US$","23130","Total Expenditure (General Government)","2018","2018","millions","18179.269224","A","Official figure","Consolidated General Government Expenditure"
"IG","Government Expenditure","440","Lithuania","6110","Value US$","23130","Total Expenditure (General Government)","2019","2019","millions","18917.443832","A","Official figure","Consolidated General Government Expenditure"
"IG","Government Expenditure","442","Luxembourg","6110","Value US$","23130","Total Expenditure (General Government)","2016","2016","millions","24897.715625","A","Official figure","Consolidated General Government Expenditure"
"IG","Government Expenditure","442","Luxembourg","6110","Value US$","23130","Total Expenditure (General Government)","2017","2017","millions","27122.128108","A","Official figure","Consolidated General Government Expenditure"
"IG","Government Expenditure","442","Luxembourg","6110","Value US$","23130","Total Expenditure (General Government)","2018","2018","millions","30029.631247","A","Official figure","Consolidated General Government Expenditure"
"IG","Government Expenditure","442","Luxembourg","6110","Value US$","23130","Total Expenditure (General Government)","2019","2019","millions","30088.063187","A","Official figure","Consolidated General Government Expenditure"
"IG","Government Expenditure","442","Luxembourg","6110","Value US$","23130","Total Expenditure (General Government)","2020","2020","millions","34933.92952","A","Official figure","Consolidated General Government Expenditure"
"IG","Government Expenditure","470","Malta","6110","Value US$","23130","Total Expenditure (General Government)","2016","2016","millions","4203.386296","A","Official figure","Consolidated General Government Expenditure"
"IG","Government Expenditure","470","Malta","6110","Value US$","23130","Total Expenditure (General Government)","2017","2017","millions","4599.401436","A","Official figure","Consolidated General Government Expenditure"
"IG","Government Expenditure","470","Malta","6110","Value US$","23130","Total Expenditure (General Government)","2018","2018","millions","5403.745689","A","Official figure","Consolidated General Government Expenditure"
"IG","Government Expenditure","470","Malta","6110","Value US$","23130","Total Expenditure (General Government)","2019","2019","millions","5586.047483","A","Official figure","Consolidated General Government Expenditure"
"IG","Government Expenditure","480","Mauritius","6110","Value US$","23130","Total Expenditure (General Government)","2016","2016","millions","3028.238515","A","Official figure","Consolidated General Government Expenditure"
"IG","Government Expenditure","480","Mauritius","6110","Value US$","23130","Total Expenditure (General Government)","2017","2017","millions","3579.337561","A","Official figure","Consolidated General Government Expenditure"
"IG","Government Expenditure","480","Mauritius","6110","Value US$","23130","Total Expenditure (General Government)","2018","2018","millions","3561.66521","A","Official figure","Consolidated General Government Expenditure"
"IG","Government Expenditure","480","Mauritius","6110","Value US$","23130","Total Expenditure (General Government)","2019","2019","millions","3622.113094","A","Official figure","Consolidated General Government Expenditure"
"IG","Government Expenditure","480","Mauritius","6110","Value US$","23130","Total Expenditure (General Government)","2020","2020","millions","3822.117438","A","Official figure","Consolidated General Government Expenditure"
"IG","Government Expenditure","484","Mexico","6110","Value US$","23130","Total Expenditure (General Government)","2016","2016","millions","251352.738053","A","Official figure","Consolidated General Government Expenditure"
"IG","Government Expenditure","484","Mexico","6110","Value US$","23130","Total Expenditure (General Government)","2017","2017","millions","263712.348413","A","Official figure","Consolidated General Government Expenditure"
"IG","Government Expenditure","484","Mexico","6110","Value US$","23130","Total Expenditure (General Government)","2018","2018","millions","279952.012793","A","Official figure","Consolidated General Government Expenditure"
"IG","Government Expenditure","484","Mexico","6110","Value US$","23130","Total Expenditure (General Government)","2019","2019","millions","263250.173189","A","Official figure","Consolidated General Government Expenditure"
"IG","Government Expenditure","484","Mexico","6110","Value US$","23130","Total Expenditure (General Government)","2020","2020","millions","243249.045758","A","Official figure","Consolidated General Government Expenditure"
"IG","Government Expenditure","496","Mongolia","6110","Value US$","23130","Total Expenditure (General Government)","2016","2016","millions","4436.468033","A","Official figure","Consolidated General Government Expenditure"
"IG","Government Expenditure","496","Mongolia","6110","Value US$","23130","Total Expenditure (General Government)","2017","2017","millions","3657.683468","A","Official figure","Consolidated General Government Expenditure"
"IG","Government Expenditure","496","Mongolia","6110","Value US$","23130","Total Expenditure (General Government)","2018","2018","millions","3911.844957","A","Official figure","Consolidated General Government Expenditure"
"IG","Government Expenditure","496","Mongolia","6110","Value US$","23130","Total Expenditure (General Government)","2019","2019","millions","5168.282727","A","Official figure","Consolidated General Government Expenditure"
"IG","Government Expenditure","496","Mongolia","6110","Value US$","23130","Total Expenditure (General Government)","2020","2020","millions","6077.392307","A","Official figure","Consolidated General Government Expenditure"
"IG","Government Expenditure","104","Myanmar","6110","Value US$","23130","Total Expenditure (General Government)","2016","2016","millions","9567.353505","A","Official figure","Consolidated General Government Expenditure"
"IG","Government Expenditure","104","Myanmar","6110","Value US$","23130","Total Expenditure (General Government)","2017","2017","millions","8615.450231","A","Official figure","Consolidated General Government Expenditure"
"IG","Government Expenditure","104","Myanmar","6110","Value US$","23130","Total Expenditure (General Government)","2018","2018","millions","8962.561559","A","Official figure","Consolidated General Government Expenditure"
"IG","Government Expenditure","104","Myanmar","6110","Value US$","23130","Total Expenditure (General Government)","2019","2019","millions","10106.884561","A","Official figure","Consolidated General Government Expenditure"
"IG","Government Expenditure","516","Namibia","6110","Value US$","23130","Total Expenditure (General Government)","2016","2016","millions","4578.446413","A","Official figure","Consolidated General Government Expenditure"
"IG","Government Expenditure","516","Namibia","6110","Value US$","23130","Total Expenditure (General Government)","2017","2017","millions","5452.230543","A","Official figure","Consolidated General Government Expenditure"
"IG","Government Expenditure","516","Namibia","6110","Value US$","23130","Total Expenditure (General Government)","2018","2018","millions","6244.073161","A","Official figure","Consolidated General Government Expenditure"
"IG","Government Expenditure","528","Netherlands","6110","Value US$","23130","Total Expenditure (General Government)","2016","2016","millions","341519.914921","A","Official figure","Consolidated General Government Expenditure"
"IG","Government Expenditure","528","Netherlands","6110","Value US$","23130","Total Expenditure (General Government)","2017","2017","millions","354012.709103","A","Official figure","Consolidated General Government Expenditure"
"IG","Government Expenditure","528","Netherlands","6110","Value US$","23130","Total Expenditure (General Government)","2018","2018","millions","386622.068423","A","Official figure","Consolidated General Government Expenditure"
"IG","Government Expenditure","528","Netherlands","6110","Value US$","23130","Total Expenditure (General Government)","2019","2019","millions","381149.725331","A","Official figure","Consolidated General Government Expenditure"
"IG","Government Expenditure","528","Netherlands","6110","Value US$","23130","Total Expenditure (General Government)","2020","2020","millions","438211.811493","A","Official figure","Consolidated General Government Expenditure"
"IG","Government Expenditure","554","New Zealand","6110","Value US$","23130","Total Expenditure (General Government)","2016","2016","millions","66232.053045","A","Official figure","Consolidated General Government Expenditure"
"IG","Government Expenditure","554","New Zealand","6110","Value US$","23130","Total Expenditure (General Government)","2017","2017","millions","70531.769404","A","Official figure","Consolidated General Government Expenditure"
"IG","Government Expenditure","554","New Zealand","6110","Value US$","23130","Total Expenditure (General Government)","2018","2018","millions","72470.780904","A","Official figure","Consolidated General Government Expenditure"
"IG","Government Expenditure","554","New Zealand","6110","Value US$","23130","Total Expenditure (General Government)","2019","2019","millions","73803.837602","A","Official figure","Consolidated General Government Expenditure"
"IG","Government Expenditure","554","New Zealand","6110","Value US$","23130","Total Expenditure (General Government)","2020","2020","millions","86446.509284","X","Figure from international organizations","Consolidated General Government Expenditure"
"IG","Government Expenditure","566","Nigeria","6110","Value US$","23130","Total Expenditure (General Government)","2016","2016","millions","38160.535194","A","Official figure","Consolidated General Government Expenditure"
"IG","Government Expenditure","566","Nigeria","6110","Value US$","23130","Total Expenditure (General Government)","2017","2017","millions","39039.850017","A","Official figure","Consolidated General Government Expenditure"
"IG","Government Expenditure","566","Nigeria","6110","Value US$","23130","Total Expenditure (General Government)","2018","2018","millions","45631.311089","A","Official figure","Consolidated General Government Expenditure"
"IG","Government Expenditure","807","North Macedonia","6110","Value US$","23130","Total Expenditure (General Government)","2016","2016","millions","3546.570647","A","Official figure","Consolidated General Government Expenditure"
"IG","Government Expenditure","807","North Macedonia","6110","Value US$","23130","Total Expenditure (General Government)","2017","2017","millions","3819.925898","A","Official figure","Consolidated General Government Expenditure"
"IG","Government Expenditure","807","North Macedonia","6110","Value US$","23130","Total Expenditure (General Government)","2018","2018","millions","3991.747128","A","Official figure","Consolidated General Government Expenditure"
"IG","Government Expenditure","807","North Macedonia","6110","Value US$","23130","Total Expenditure (General Government)","2019","2019","millions","4224.855862","A","Official figure","Consolidated General Government Expenditure"
"IG","Government Expenditure","807","North Macedonia","6110","Value US$","23130","Total Expenditure (General Government)","2020","2020","millions","4708.083442","A","Official figure","Consolidated General Government Expenditure"
"IG","Government Expenditure","578","Norway","6110","Value US$","23130","Total Expenditure (General Government)","2016","2016","millions","185428.754363","A","Official figure","Consolidated General Government Expenditure"
"IG","Government Expenditure","578","Norway","6110","Value US$","23130","Total Expenditure (General Government)","2017","2017","millions","196257.062253","A","Official figure","Consolidated General Government Expenditure"
"IG","Government Expenditure","578","Norway","6110","Value US$","23130","Total Expenditure (General Government)","2018","2018","millions","208431.601599","A","Official figure","Consolidated General Government Expenditure"
"IG","Government Expenditure","578","Norway","6110","Value US$","23130","Total Expenditure (General Government)","2019","2019","millions","205371.363636","A","Official figure","Consolidated General Government Expenditure"
"IG","Government Expenditure","578","Norway","6110","Value US$","23130","Total Expenditure (General Government)","2020","2020","millions","207220.85141","A","Official figure","Consolidated General Government Expenditure"
"IG","Government Expenditure","512","Oman","6110","Value US$","23130","Total Expenditure (General Government)","2016","2016","millions","33571.131339","A","Official figure","Consolidated General Government Expenditure"
"IG","Government Expenditure","512","Oman","6110","Value US$","23130","Total Expenditure (General Government)","2017","2017","millions","31921.196359","A","Official figure","Consolidated General Government Expenditure"
"IG","Government Expenditure","512","Oman","6110","Value US$","23130","Total Expenditure (General Government)","2018","2018","millions","35368.530559","A","Official figure","Consolidated General Government Expenditure"
"IG","Government Expenditure","512","Oman","6110","Value US$","23130","Total Expenditure (General Government)","2019","2019","millions","34362.028609","A","Official figure","Consolidated General Government Expenditure"
"IG","Government Expenditure","512","Oman","6110","Value US$","23130","Total Expenditure (General Government)","2020","2020","millions","33029.908973","A","Official figure","Consolidated General Government Expenditure"
"IG","Government Expenditure","586","Pakistan","6110","Value US$","23130","Total Expenditure (General Government)","2016","2016","millions","231831.914743","A","Official figure","Consolidated General Government Expenditure"
"IG","Government Expenditure","586","Pakistan","6110","Value US$","23130","Total Expenditure (General Government)","2017","2017","millions","88198.849774","A","Official figure","Consolidated General Government Expenditure"
"IG","Government Expenditure","586","Pakistan","6110","Value US$","23130","Total Expenditure (General Government)","2018","2018","millions","85354.886312","A","Official figure","Consolidated General Government Expenditure"
"IG","Government Expenditure","586","Pakistan","6110","Value US$","23130","Total Expenditure (General Government)","2019","2019","millions","82333.89369","A","Official figure","Consolidated General Government Expenditure"
"IG","Government Expenditure","586","Pakistan","6110","Value US$","23130","Total Expenditure (General Government)","2020","2020","millions","83755.908188","A","Official figure","Consolidated General Government Expenditure"
"IG","Government Expenditure","600","Paraguay","6110","Value US$","23130","Total Expenditure (General Government)","2016","2016","millions","6511.506893","X","Figure from international organizations","Consolidated General Government Expenditure"
"IG","Government Expenditure","600","Paraguay","6110","Value US$","23130","Total Expenditure (General Government)","2017","2017","millions","7159.099664","X","Figure from international organizations","Consolidated General Government Expenditure"
"IG","Government Expenditure","600","Paraguay","6110","Value US$","23130","Total Expenditure (General Government)","2018","2018","millions","7448.402035","X","Figure from international organizations","Consolidated General Government Expenditure"
"IG","Government Expenditure","600","Paraguay","6110","Value US$","23130","Total Expenditure (General Government)","2019","2019","millions","8075.791461","X","Figure from international organizations","Consolidated General Government Expenditure"
"IG","Government Expenditure","600","Paraguay","6110","Value US$","23130","Total Expenditure (General Government)","2020","2020","millions","8466.603787","X","Figure from international organizations","Consolidated General Government Expenditure"
"IG","Government Expenditure","604","Peru","6110","Value US$","23130","Total Expenditure (General Government)","2016","2016","millions","41331.850221","A","Official figure","Consolidated General Government Expenditure"
"IG","Government Expenditure","604","Peru","6110","Value US$","23130","Total Expenditure (General Government)","2017","2017","millions","45843.713423","A","Official figure","Consolidated General Government Expenditure"
"IG","Government Expenditure","604","Peru","6110","Value US$","23130","Total Expenditure (General Government)","2018","2018","millions","48868.772638","A","Official figure","Consolidated General Government Expenditure"
"IG","Government Expenditure","604","Peru","6110","Value US$","23130","Total Expenditure (General Government)","2019","2019","millions","50206.469942","A","Official figure","Consolidated General Government Expenditure"
"IG","Government Expenditure","604","Peru","6110","Value US$","23130","Total Expenditure (General Government)","2020","2020","millions","51798.660315","X","Figure from international organizations","Consolidated General Government Expenditure"
"IG","Government Expenditure","616","Poland","6110","Value US$","23130","Total Expenditure (General Government)","2016","2016","millions","194284.579015","A","Official figure","Consolidated General Government Expenditure"
"IG","Government Expenditure","616","Poland","6110","Value US$","23130","Total Expenditure (General Government)","2017","2017","millions","217297.847964","A","Official figure","Consolidated General Government Expenditure"
"IG","Government Expenditure","616","Poland","6110","Value US$","23130","Total Expenditure (General Government)","2018","2018","millions","243983.424296","A","Official figure","Consolidated General Government Expenditure"
"IG","Government Expenditure","616","Poland","6110","Value US$","23130","Total Expenditure (General Government)","2019","2019","millions","249237.180531","A","Official figure","Consolidated General Government Expenditure"
"IG","Government Expenditure","620","Portugal","6110","Value US$","23130","Total Expenditure (General Government)","2016","2016","millions","92491.86609","A","Official figure","Consolidated General Government Expenditure"
"IG","Government Expenditure","620","Portugal","6110","Value US$","23130","Total Expenditure (General Government)","2017","2017","millions","100425.683298","A","Official figure","Consolidated General Government Expenditure"
"IG","Government Expenditure","620","Portugal","6110","Value US$","23130","Total Expenditure (General Government)","2018","2018","millions","104777.1999","A","Official figure","Consolidated General Government Expenditure"
"IG","Government Expenditure","620","Portugal","6110","Value US$","23130","Total Expenditure (General Government)","2019","2019","millions","101854.709881","A","Official figure","Consolidated General Government Expenditure"
"IG","Government Expenditure","498","Republic of Moldova","6110","Value US$","23130","Total Expenditure (General Government)","2016","2016","millions","2432.39407","A","Official figure","Consolidated General Government Expenditure"
"IG","Government Expenditure","498","Republic of Moldova","6110","Value US$","23130","Total Expenditure (General Government)","2017","2017","millions","2947.310512","A","Official figure","Consolidated General Government Expenditure"
"IG","Government Expenditure","498","Republic of Moldova","6110","Value US$","23130","Total Expenditure (General Government)","2018","2018","millions","3547.715541","A","Official figure","Consolidated General Government Expenditure"
"IG","Government Expenditure","498","Republic of Moldova","6110","Value US$","23130","Total Expenditure (General Government)","2019","2019","millions","3414.886409","A","Official figure","Consolidated General Government Expenditure"
"IG","Government Expenditure","498","Republic of Moldova","6110","Value US$","23130","Total Expenditure (General Government)","2020","2020","millions","3521.641862","A","Official figure","Consolidated General Government Expenditure"
"IG","Government Expenditure","642","Romania","6110","Value US$","23130","Total Expenditure (General Government)","2016","2016","millions","65062.520792","A","Official figure","Consolidated General Government Expenditure"
"IG","Government Expenditure","642","Romania","6110","Value US$","23130","Total Expenditure (General Government)","2017","2017","millions","70819.170916","A","Official figure","Consolidated General Government Expenditure"
"IG","Government Expenditure","642","Romania","6110","Value US$","23130","Total Expenditure (General Government)","2018","2018","millions","84165.846033","A","Official figure","Consolidated General Government Expenditure"
"IG","Government Expenditure","642","Romania","6110","Value US$","23130","Total Expenditure (General Government)","2019","2019","millions","90396.573795","A","Official figure","Consolidated General Government Expenditure"
"IG","Government Expenditure","643","Russian Federation","6110","Value US$","23130","Total Expenditure (General Government)","2016","2016","millions","483165.96514","A","Official figure","Consolidated General Government Expenditure"
"IG","Government Expenditure","643","Russian Federation","6110","Value US$","23130","Total Expenditure (General Government)","2017","2017","millions","576744.846596","A","Official figure","Consolidated General Government Expenditure"
"IG","Government Expenditure","643","Russian Federation","6110","Value US$","23130","Total Expenditure (General Government)","2018","2018","millions","568793.393946","A","Official figure","Consolidated General Government Expenditure"
"IG","Government Expenditure","643","Russian Federation","6110","Value US$","23130","Total Expenditure (General Government)","2019","2019","millions","639875.693199","A","Official figure","Consolidated General Government Expenditure"
"IG","Government Expenditure","643","Russian Federation","6110","Value US$","23130","Total Expenditure (General Government)","2020","2020","millions","616988.857352","A","Official figure","Consolidated General Government Expenditure"
"IG","Government Expenditure","646","Rwanda","6110","Value US$","23130","Total Expenditure (General Government)","2016","2016","millions","1976.880665","A","Official figure","Consolidated General Government Expenditure"
"IG","Government Expenditure","646","Rwanda","6110","Value US$","23130","Total Expenditure (General Government)","2017","2017","millions","2111.752606","A","Official figure","Consolidated General Government Expenditure"
"IG","Government Expenditure","646","Rwanda","6110","Value US$","23130","Total Expenditure (General Government)","2018","2018","millions","2305.792616","A","Official figure","Consolidated General Government Expenditure"
"IG","Government Expenditure","646","Rwanda","6110","Value US$","23130","Total Expenditure (General Government)","2019","2019","millions","1947.394917","A","Official figure","Consolidated General Government Expenditure"
"IG","Government Expenditure","646","Rwanda","6110","Value US$","23130","Total Expenditure (General Government)","2020","2020","millions","2804.107938","A","Official figure","Consolidated General Government Expenditure"
"IG","Government Expenditure","688","Serbia","6110","Value US$","23130","Total Expenditure (General Government)","2016","2016","millions","17044.356087","A","Official figure","Consolidated General Government Expenditure"
"IG","Government Expenditure","688","Serbia","6110","Value US$","23130","Total Expenditure (General Government)","2017","2017","millions","17827.770991","A","Official figure","Consolidated General Government Expenditure"
"IG","Government Expenditure","688","Serbia","6110","Value US$","23130","Total Expenditure (General Government)","2018","2018","millions","20694.187651","A","Official figure","Consolidated General Government Expenditure"
"IG","Government Expenditure","688","Serbia","6110","Value US$","23130","Total Expenditure (General Government)","2019","2019","millions","21754.693673","A","Official figure","Consolidated General Government Expenditure"
"IG","Government Expenditure","688","Serbia","6110","Value US$","23130","Total Expenditure (General Government)","2020","2020","millions","26150.237701","A","Official figure","Consolidated General Government Expenditure"
"IG","Government Expenditure","690","Seychelles","6110","Value US$","23130","Total Expenditure (General Government)","2016","2016","millions","544.327389","X","Figure from international organizations","Consolidated General Government Expenditure"
"IG","Government Expenditure","690","Seychelles","6110","Value US$","23130","Total Expenditure (General Government)","2017","2017","millions","546.190832","A","Official figure","Consolidated General Government Expenditure"
"IG","Government Expenditure","690","Seychelles","6110","Value US$","23130","Total Expenditure (General Government)","2018","2018","millions","609.975619","A","Official figure","Consolidated General Government Expenditure"
"IG","Government Expenditure","690","Seychelles","6110","Value US$","23130","Total Expenditure (General Government)","2019","2019","millions","597.490175","A","Official figure","Consolidated General Government Expenditure"
"IG","Government Expenditure","690","Seychelles","6110","Value US$","23130","Total Expenditure (General Government)","2020","2020","millions","631.414478","A","Official figure","Consolidated General Government Expenditure"
"IG","Government Expenditure","702","Singapore","6110","Value US$","23130","Total Expenditure (General Government)","2016","2016","millions","51899.886872","A","Official figure","Consolidated General Government Expenditure"
"IG","Government Expenditure","702","Singapore","6110","Value US$","23130","Total Expenditure (General Government)","2017","2017","millions","54816.590329","A","Official figure","Consolidated General Government Expenditure"
"IG","Government Expenditure","702","Singapore","6110","Value US$","23130","Total Expenditure (General Government)","2018","2018","millions","61366.268738","A","Official figure","Consolidated General Government Expenditure"
"IG","Government Expenditure","702","Singapore","6110","Value US$","23130","Total Expenditure (General Government)","2019","2019","millions","59423.357653","A","Official figure","Consolidated General Government Expenditure"
"IG","Government Expenditure","702","Singapore","6110","Value US$","23130","Total Expenditure (General Government)","2020","2020","millions","95872.207226","A","Official figure","Consolidated General Government Expenditure"
"IG","Government Expenditure","703","Slovakia","6110","Value US$","23130","Total Expenditure (General Government)","2016","2016","millions","38245.195269","A","Official figure","Consolidated General Government Expenditure"
"IG","Government Expenditure","703","Slovakia","6110","Value US$","23130","Total Expenditure (General Government)","2017","2017","millions","39511.72884","A","Official figure","Consolidated General Government Expenditure"
"IG","Government Expenditure","703","Slovakia","6110","Value US$","23130","Total Expenditure (General Government)","2018","2018","millions","44100.384265","A","Official figure","Consolidated General Government Expenditure"
"IG","Government Expenditure","703","Slovakia","6110","Value US$","23130","Total Expenditure (General Government)","2019","2019","millions","44914.436811","A","Official figure","Consolidated General Government Expenditure"
"IG","Government Expenditure","705","Slovenia","6110","Value US$","23130","Total Expenditure (General Government)","2016","2016","millions","20651.49855","A","Official figure","Consolidated General Government Expenditure"
"IG","Government Expenditure","705","Slovenia","6110","Value US$","23130","Total Expenditure (General Government)","2017","2017","millions","21414.22099","A","Official figure","Consolidated General Government Expenditure"
"IG","Government Expenditure","705","Slovenia","6110","Value US$","23130","Total Expenditure (General Government)","2018","2018","millions","23575.422481","A","Official figure","Consolidated General Government Expenditure"
"IG","Government Expenditure","705","Slovenia","6110","Value US$","23130","Total Expenditure (General Government)","2019","2019","millions","23456.048494","A","Official figure","Consolidated General Government Expenditure"
"IG","Government Expenditure","706","Somalia","6110","Value US$","23130","Total Expenditure (General Government)","2017","2017","millions","0.014563","X","Figure from international organizations","Consolidated General Government Expenditure"
"IG","Government Expenditure","706","Somalia","6110","Value US$","23130","Total Expenditure (General Government)","2018","2018","millions","0.014946","X","Figure from international organizations","Consolidated General Government Expenditure"
"IG","Government Expenditure","710","South Africa","6110","Value US$","23130","Total Expenditure (General Government)","2016","2016","millions","102874.441161","A","Official figure","Consolidated General Government Expenditure"
"IG","Government Expenditure","710","South Africa","6110","Value US$","23130","Total Expenditure (General Government)","2017","2017","millions","118821.281476","A","Official figure","Consolidated General Government Expenditure"
"IG","Government Expenditure","710","South Africa","6110","Value US$","23130","Total Expenditure (General Government)","2018","2018","millions","129162.637164","A","Official figure","Consolidated General Government Expenditure"
"IG","Government Expenditure","710","South Africa","6110","Value US$","23130","Total Expenditure (General Government)","2019","2019","millions","124212.275326","A","Official figure","Consolidated General Government Expenditure"
"IG","Government Expenditure","728","South Sudan","6110","Value US$","23130","Total Expenditure (General Government)","2016","2016","millions","360.995096","A","Official figure","Consolidated General Government Expenditure"
"IG","Government Expenditure","728","South Sudan","6110","Value US$","23130","Total Expenditure (General Government)","2017","2017","millions","293.794408","A","Official figure","Consolidated General Government Expenditure"
"IG","Government Expenditure","728","South Sudan","6110","Value US$","23130","Total Expenditure (General Government)","2018","2018","millions","309.019645","A","Official figure","Consolidated General Government Expenditure"
"IG","Government Expenditure","728","South Sudan","6110","Value US$","23130","Total Expenditure (General Government)","2019","2019","millions","509.18623","A","Official figure","Consolidated General Government Expenditure"
"IG","Government Expenditure","728","South Sudan","6110","Value US$","23130","Total Expenditure (General Government)","2020","2020","millions","1254.646294","A","Official figure","Consolidated General Government Expenditure"
"IG","Government Expenditure","724","Spain","6110","Value US$","23130","Total Expenditure (General Government)","2016","2016","millions","514877.116589","A","Official figure","Consolidated General Government Expenditure"
"IG","Government Expenditure","724","Spain","6110","Value US$","23130","Total Expenditure (General Government)","2017","2017","millions","532361.124893","A","Official figure","Consolidated General Government Expenditure"
"IG","Government Expenditure","724","Spain","6110","Value US$","23130","Total Expenditure (General Government)","2018","2018","millions","583246.270513","A","Official figure","Consolidated General Government Expenditure"
"IG","Government Expenditure","724","Spain","6110","Value US$","23130","Total Expenditure (General Government)","2019","2019","millions","576845.064404","A","Official figure","Consolidated General Government Expenditure"
"IG","Government Expenditure","724","Spain","6110","Value US$","23130","Total Expenditure (General Government)","2020","2020","millions","658823.172881","A","Official figure","Consolidated General Government Expenditure"
"IG","Government Expenditure","752","Sweden","6110","Value US$","23130","Total Expenditure (General Government)","2016","2016","millions","256293.638834","A","Official figure","Consolidated General Government Expenditure"
"IG","Government Expenditure","752","Sweden","6110","Value US$","23130","Total Expenditure (General Government)","2017","2017","millions","266315.482785","A","Official figure","Consolidated General Government Expenditure"
"IG","Government Expenditure","752","Sweden","6110","Value US$","23130","Total Expenditure (General Government)","2018","2018","millions","276841.751471","A","Official figure","Consolidated General Government Expenditure"
"IG","Government Expenditure","752","Sweden","6110","Value US$","23130","Total Expenditure (General Government)","2019","2019","millions","262059.790375","A","Official figure","Consolidated General Government Expenditure"
"IG","Government Expenditure","756","Switzerland","6110","Value US$","23130","Total Expenditure (General Government)","2016","2016","millions","223084.192368","A","Official figure","Consolidated General Government Expenditure"
"IG","Government Expenditure","756","Switzerland","6110","Value US$","23130","Total Expenditure (General Government)","2017","2017","millions","225605.86735","A","Official figure","Consolidated General Government Expenditure"
"IG","Government Expenditure","756","Switzerland","6110","Value US$","23130","Total Expenditure (General Government)","2018","2018","millions","230385.18252","A","Official figure","Consolidated General Government Expenditure"
"IG","Government Expenditure","756","Switzerland","6110","Value US$","23130","Total Expenditure (General Government)","2019","2019","millions","230641.5768","A","Official figure","Consolidated General Government Expenditure"
"IG","Government Expenditure","762","Tajikistan","6110","Value US$","23130","Total Expenditure (General Government)","2016","2016","millions","2334.748532","A","Official figure","Consolidated General Government Expenditure"
"IG","Government Expenditure","762","Tajikistan","6110","Value US$","23130","Total Expenditure (General Government)","2017","2017","millions","2595.505322","A","Official figure","Consolidated General Government Expenditure"
"IG","Government Expenditure","762","Tajikistan","6110","Value US$","23130","Total Expenditure (General Government)","2018","2018","millions","2643.080246","A","Official figure","Consolidated General Government Expenditure"
"IG","Government Expenditure","762","Tajikistan","6110","Value US$","23130","Total Expenditure (General Government)","2019","2019","millions","2497.973145","A","Official figure","Consolidated General Government Expenditure"
"IG","Government Expenditure","764","Thailand","6110","Value US$","23130","Total Expenditure (General Government)","2016","2016","millions","86832.76516","A","Official figure","Consolidated General Government Expenditure"
"IG","Government Expenditure","764","Thailand","6110","Value US$","23130","Total Expenditure (General Government)","2017","2017","millions","96675.37324","A","Official figure","Consolidated General Government Expenditure"
"IG","Government Expenditure","764","Thailand","6110","Value US$","23130","Total Expenditure (General Government)","2018","2018","millions","106872.758166","A","Official figure","Consolidated General Government Expenditure"
"IG","Government Expenditure","764","Thailand","6110","Value US$","23130","Total Expenditure (General Government)","2019","2019","millions","111395.514835","A","Official figure","Consolidated General Government Expenditure"
"IG","Government Expenditure","626","Timor-Leste","6110","Value US$","23130","Total Expenditure (General Government)","2016","2016","millions","1810.834033","X","Figure from international organizations","Consolidated General Government Expenditure"
"IG","Government Expenditure","626","Timor-Leste","6110","Value US$","23130","Total Expenditure (General Government)","2017","2017","millions","1179.568186","X","Figure from international organizations","Consolidated General Government Expenditure"
"IG","Government Expenditure","626","Timor-Leste","6110","Value US$","23130","Total Expenditure (General Government)","2018","2018","millions","1282.627844","X","Figure from international organizations","Consolidated General Government Expenditure"
"IG","Government Expenditure","626","Timor-Leste","6110","Value US$","23130","Total Expenditure (General Government)","2019","2019","millions","1416.688232","X","Figure from international organizations","Consolidated General Government Expenditure"
"IG","Government Expenditure","768","Togo","6110","Value US$","23130","Total Expenditure (General Government)","2016","2016","millions","1505.483248","A","Official figure","Consolidated General Government Expenditure"
"IG","Government Expenditure","768","Togo","6110","Value US$","23130","Total Expenditure (General Government)","2017","2017","millions","1203.98505","A","Official figure","Consolidated General Government Expenditure"
"IG","Government Expenditure","768","Togo","6110","Value US$","23130","Total Expenditure (General Government)","2018","2018","millions","1594.309579","A","Official figure","Consolidated General Government Expenditure"
"IG","Government Expenditure","792","Türkiye","6110","Value US$","23130","Total Expenditure (General Government)","2016","2016","millions","325775.673615","A","Official figure","Consolidated General Government Expenditure"
"IG","Government Expenditure","792","Türkiye","6110","Value US$","23130","Total Expenditure (General Government)","2017","2017","millions","288849.446681","A","Official figure","Consolidated General Government Expenditure"
"IG","Government Expenditure","792","Türkiye","6110","Value US$","23130","Total Expenditure (General Government)","2018","2018","millions","266671.439332","A","Official figure","Consolidated General Government Expenditure"
"IG","Government Expenditure","792","Türkiye","6110","Value US$","23130","Total Expenditure (General Government)","2019","2019","millions","264622.130819","A","Official figure","Consolidated General Government Expenditure"
"IG","Government Expenditure","792","Türkiye","6110","Value US$","23130","Total Expenditure (General Government)","2020","2020","millions","257529.262388","X","Figure from international organizations","Consolidated General Government Expenditure"
"IG","Government Expenditure","800","Uganda","6110","Value US$","23130","Total Expenditure (General Government)","2016","2016","millions","4495.134139","X","Figure from international organizations","Consolidated General Government Expenditure"
"IG","Government Expenditure","800","Uganda","6110","Value US$","23130","Total Expenditure (General Government)","2019","2019","millions","5973.48455","X","Figure from international organizations","Consolidated General Government Expenditure"
"IG","Government Expenditure","804","Ukraine","6110","Value US$","23130","Total Expenditure (General Government)","2016","2016","millions","37715.50227","A","Official figure","Consolidated General Government Expenditure"
"IG","Government Expenditure","804","Ukraine","6110","Value US$","23130","Total Expenditure (General Government)","2017","2017","millions","46466.766702","A","Official figure","Consolidated General Government Expenditure"
"IG","Government Expenditure","804","Ukraine","6110","Value US$","23130","Total Expenditure (General Government)","2018","2018","millions","54554.674305","A","Official figure","Consolidated General Government Expenditure"
"IG","Government Expenditure","804","Ukraine","6110","Value US$","23130","Total Expenditure (General Government)","2019","2019","millions","63455.353216","A","Official figure","Consolidated General Government Expenditure"
"IG","Government Expenditure","804","Ukraine","6110","Value US$","23130","Total Expenditure (General Government)","2020","2020","millions","70508.232626","A","Official figure","Consolidated General Government Expenditure"
"IG","Government Expenditure","784","United Arab Emirates","6110","Value US$","23130","Total Expenditure (General Government)","2016","2016","millions","121096.207993","A","Official figure","Consolidated General Government Expenditure"
"IG","Government Expenditure","784","United Arab Emirates","6110","Value US$","23130","Total Expenditure (General Government)","2017","2017","millions","109984.710493","A","Official figure","Consolidated General Government Expenditure"
"IG","Government Expenditure","784","United Arab Emirates","6110","Value US$","23130","Total Expenditure (General Government)","2018","2018","millions","113984.726415","A","Official figure","Consolidated General Government Expenditure"
"IG","Government Expenditure","784","United Arab Emirates","6110","Value US$","23130","Total Expenditure (General Government)","2019","2019","millions","118913.700094","A","Official figure","Consolidated General Government Expenditure"
"IG","Government Expenditure","784","United Arab Emirates","6110","Value US$","23130","Total Expenditure (General Government)","2020","2020","millions","108793.643878","A","Official figure","Consolidated General Government Expenditure"
"IG","Government Expenditure","826","United Kingdom of Great Britain and Northern Ireland","6110","Value US$","23130","Total Expenditure (General Government)","2016","2016","millions","1118572.035557","A","Official figure","Consolidated General Government Expenditure"
"IG","Government Expenditure","826","United Kingdom of Great Britain and Northern Ireland","6110","Value US$","23130","Total Expenditure (General Government)","2017","2017","millions","1098503.405519","A","Official figure","Consolidated General Government Expenditure"
"IG","Government Expenditure","826","United Kingdom of Great Britain and Northern Ireland","6110","Value US$","23130","Total Expenditure (General Government)","2018","2018","millions","1173165.076917","A","Official figure","Consolidated General Government Expenditure"
"IG","Government Expenditure","826","United Kingdom of Great Britain and Northern Ireland","6110","Value US$","23130","Total Expenditure (General Government)","2019","2019","millions","1160887.965718","A","Official figure","Consolidated General Government Expenditure"
"IG","Government Expenditure","840","United States of America","6110","Value US$","23130","Total Expenditure (General Government)","2016","2016","millions","6846000","A","Official figure","Consolidated General Government Expenditure"
"IG","Government Expenditure","840","United States of America","6110","Value US$","23130","Total Expenditure (General Government)","2017","2017","millions","7086300","A","Official figure","Consolidated General Government Expenditure"
"IG","Government Expenditure","840","United States of America","6110","Value US$","23130","Total Expenditure (General Government)","2018","2018","millions","7437200","A","Official figure","Consolidated General Government Expenditure"
"IG","Government Expenditure","840","United States of America","6110","Value US$","23130","Total Expenditure (General Government)","2019","2019","millions","7809000","A","Official figure","Consolidated General Government Expenditure"
"IG","Government Expenditure","840","United States of America","6110","Value US$","23130","Total Expenditure (General Government)","2020","2020","millions","9621600","A","Official figure","Consolidated General Government Expenditure"
"IG","Government Expenditure","860","Uzbekistan","6110","Value US$","23130","Total Expenditure (General Government)","2016","2016","millions","19279.646963","A","Official figure","Consolidated General Government Expenditure"
"IG","Government Expenditure","860","Uzbekistan","6110","Value US$","23130","Total Expenditure (General Government)","2017","2017","millions","13473.946646","A","Official figure","Consolidated General Government Expenditure"
"IG","Government Expenditure","860","Uzbekistan","6110","Value US$","23130","Total Expenditure (General Government)","2018","2018","millions","12453.372421","A","Official figure","Consolidated General Government Expenditure"
"IG","Government Expenditure","860","Uzbekistan","6110","Value US$","23130","Total Expenditure (General Government)","2019","2019","millions","15846.557662","A","Official figure","Consolidated General Government Expenditure"
"IG","Government Expenditure","704","Viet Nam","6110","Value US$","23130","Total Expenditure (General Government)","2016","2016","millions","59188.053379","A","Official figure","Consolidated General Government Expenditure"
"IG","Government Expenditure","704","Viet Nam","6110","Value US$","23130","Total Expenditure (General Government)","2017","2017","millions","60573.480112","A","Official figure","Consolidated General Government Expenditure"
"IG","Government Expenditure","704","Viet Nam","6110","Value US$","23130","Total Expenditure (General Government)","2018","2018","millions","63509.062231","A","Official figure","Consolidated General Government Expenditure"
"IG","Government Expenditure","704","Viet Nam","6110","Value US$","23130","Total Expenditure (General Government)","2019","2019","millions","75833.78192","A","Official figure","Consolidated General Government Expenditure"
"IG","Government Expenditure","704","Viet Nam","6110","Value US$","23130","Total Expenditure (General Government)","2020","2020","millions","77039.022071","A","Official figure","Consolidated General Government Expenditure"
